Designator,Val,Package,Mid X,Mid Y,Rotation,Layer
C1,2.2u,C_0603_1608Metric,100.660005,-42.4975,-90.0,top
C2,22n,C_0603_1608Metric,91.560005,-66.7345,0.0,top
C3,47p,C_0603_1608Metric,92.310005,-63.9845,90.0,top
C4,680p,C_0603_1608Metric,111.336307,-243.357311,0.0,top
C5,2.2u,C_0603_1608Metric,99.641005,-65.4845,0.0,top
C6,2.2u,C_0603_1608Metric,114.710005,-42.4975,-90.0,top
C7,1.5u,C_0603_1608Metric,99.3135,-184.1345,90.0,top
C8,680p,C_0603_1608Metric,97.286307,-242.9845,0.0,top
C9,1u,C_0603_1608Metric,107.584854,-264.5,180.0,top
C10,1u,C_0603_1608Metric,99.2135,-264.4345,180.0,top
C11,1u,C_0603_1608Metric,103.9385,-267.5345,0.0,top
C12,1u,C_0603_1608Metric,106.5665,-273.0345,-90.0,top
C13,220p,C_0603_1608Metric,108.25,-285.2845,180.0,top
C14,220p,C_0603_1608Metric,100.25,-286.75,0.0,top
C15,220p,C_0603_1608Metric,100.25,-285.0,180.0,top
C16,220p,C_0603_1608Metric,92.5,-285.2845,0.0,top
C17,1u,C_0603_1608Metric,96.2635,-275.8095,90.0,top
C18,10u,C_0805_2012Metric,94.2635,-276.8095,90.0,top
C19,1u,C_0603_1608Metric,106.4885,-276.4675,90.0,top
C20,10u,C_0805_2012Metric,108.5885,-276.6675,90.0,top
C21,22n,C_0603_1608Metric,105.610005,-66.7345,0.0,top
C22,1.5u,C_0603_1608Metric,113.3635,-184.1345,90.0,top
C23,47p,C_0603_1608Metric,106.360005,-63.9845,90.0,top
C24,2.2u,C_0603_1608Metric,113.691005,-65.4845,0.0,top
C25,680p,C_0603_1608Metric,125.422807,-243.352075,0.0,top
C26,2.2u,C_0603_1608Metric,128.796505,-42.492264,-90.0,top
C27,22n,C_0603_1608Metric,119.696505,-66.729264,0.0,top
C28,1.5u,C_0603_1608Metric,127.45,-184.129264,90.0,top
C29,47p,C_0603_1608Metric,120.446505,-63.979264,90.0,top
C30,2.2u,C_0603_1608Metric,127.777505,-65.479264,0.0,top
C31,680p,C_0603_1608Metric,139.572807,-243.322811,0.0,top
C32,2.2u,C_0603_1608Metric,142.946505,-42.463,-90.0,top
C33,22n,C_0603_1608Metric,133.846505,-66.7,0.0,top
C34,1.5u,C_0603_1608Metric,141.6,-184.1,90.0,top
C35,47p,C_0603_1608Metric,134.596505,-63.95,90.0,top
C36,2.2u,C_0603_1608Metric,141.927505,-65.45,0.0,top
C37,680p,C_0603_1608Metric,167.772807,-243.323547,0.0,top
C38,2.2u,C_0603_1608Metric,171.146505,-42.463736,-90.0,top
C39,22n,C_0603_1608Metric,162.046505,-66.700736,0.0,top
C40,1.5u,C_0603_1608Metric,169.8,-184.100736,90.0,top
C41,47p,C_0603_1608Metric,162.796505,-63.950736,90.0,top
C42,2.2u,C_0603_1608Metric,170.127505,-65.450736,0.0,top
C43,680p,C_0603_1608Metric,153.672807,-243.323547,0.0,top
C44,2.2u,C_0603_1608Metric,157.046505,-42.463736,-90.0,top
C45,22n,C_0603_1608Metric,147.946505,-66.700736,0.0,top
C46,1.5u,C_0603_1608Metric,155.7,-184.100736,90.0,top
C47,47p,C_0603_1608Metric,148.696505,-63.950736,90.0,top
C48,2.2u,C_0603_1608Metric,156.027505,-65.450736,0.0,top
C49,680p,C_0603_1608Metric,181.872807,-243.323547,0.0,top
C50,2.2u,C_0603_1608Metric,185.246505,-42.463736,-90.0,top
C51,22n,C_0603_1608Metric,176.146505,-66.700736,0.0,top
C52,1.5u,C_0603_1608Metric,183.9,-184.100736,90.0,top
C53,47p,C_0603_1608Metric,176.896505,-63.950736,90.0,top
C54,2.2u,C_0603_1608Metric,184.227505,-65.450736,0.0,top
C55,680p,C_0603_1608Metric,195.922807,-243.323547,0.0,top
C56,2.2u,C_0603_1608Metric,199.296504,-42.463736,-90.0,top
C57,22n,C_0603_1608Metric,190.196504,-66.700736,0.0,top
C58,1.5u,C_0603_1608Metric,197.95,-184.100736,90.0,top
C59,47p,C_0603_1608Metric,190.946504,-63.950736,90.0,top
C60,2.2u,C_0603_1608Metric,198.277504,-65.450736,0.0,top
C61,680p,C_0603_1608Metric,210.022807,-243.323547,0.0,top
C62,2.2u,C_0603_1608Metric,213.396505,-42.463736,-90.0,top
C63,22n,C_0603_1608Metric,204.296505,-66.700736,0.0,top
C64,1.5u,C_0603_1608Metric,212.05,-184.100736,90.0,top
C65,47p,C_0603_1608Metric,205.046505,-63.950736,90.0,top
C66,2.2u,C_0603_1608Metric,212.377505,-65.450736,0.0,top
C67,680p,C_0603_1608Metric,224.122807,-243.323547,0.0,top
C68,2.2u,C_0603_1608Metric,227.496505,-42.463736,-90.0,top
C69,22n,C_0603_1608Metric,218.396505,-66.700736,0.0,top
C70,1.5u,C_0603_1608Metric,226.15,-184.100736,90.0,top
C71,47p,C_0603_1608Metric,219.146505,-63.950736,90.0,top
C72,2.2u,C_0603_1608Metric,226.477505,-65.450736,0.0,top
C73,680p,C_0603_1608Metric,238.222807,-243.373547,0.0,top
C74,2.2u,C_0603_1608Metric,241.596505,-42.513736,-90.0,top
C75,22n,C_0603_1608Metric,232.496505,-66.750736,0.0,top
C76,1.5u,C_0603_1608Metric,240.25,-184.150736,90.0,top
C77,47p,C_0603_1608Metric,233.246505,-64.000736,90.0,top
C78,2.2u,C_0603_1608Metric,240.577505,-65.500736,0.0,top
C79,680p,C_0603_1608Metric,252.322807,-243.372811,0.0,top
C80,2.2u,C_0603_1608Metric,255.696505,-42.513,-90.0,top
C81,22n,C_0603_1608Metric,246.596505,-66.75,0.0,top
C82,1.5u,C_0603_1608Metric,254.35,-184.15,90.0,top
C83,47p,C_0603_1608Metric,247.346505,-64.0,90.0,top
C84,2.2u,C_0603_1608Metric,254.677505,-65.5,0.0,top
C85,1u,C_0603_1608Metric,135.810355,-264.51375,180.0,top
C86,1u,C_0603_1608Metric,127.439,-264.44825,180.0,top
C87,1u,C_0603_1608Metric,132.164001,-267.54825,0.0,top
C88,1u,C_0603_1608Metric,134.792,-273.04825,-90.0,top
C89,220p,C_0603_1608Metric,136.4755,-285.29825,180.0,top
C90,220p,C_0603_1608Metric,128.4755,-286.76375,0.0,top
C91,220p,C_0603_1608Metric,128.4755,-285.01375,180.0,top
C92,220p,C_0603_1608Metric,120.7255,-285.29825,0.0,top
C93,1u,C_0603_1608Metric,124.489,-275.82325,90.0,top
C94,10u,C_0805_2012Metric,122.489,-276.82325,90.0,top
C95,1u,C_0603_1608Metric,134.714,-276.48125,90.0,top
C96,10u,C_0805_2012Metric,136.814,-276.68125,90.0,top
C97,1u,C_0603_1608Metric,163.974354,-264.543,180.0,top
C98,1u,C_0603_1608Metric,155.603,-264.4775,180.0,top
C99,1u,C_0603_1608Metric,160.328,-267.5775,0.0,top
C100,1u,C_0603_1608Metric,162.956,-273.0775,-90.0,top
C101,220p,C_0603_1608Metric,164.6395,-285.3275,180.0,top
C102,220p,C_0603_1608Metric,156.6395,-286.793,0.0,top
C103,220p,C_0603_1608Metric,156.6395,-285.043,180.0,top
C104,220p,C_0603_1608Metric,148.8895,-285.3275,0.0,top
C105,1u,C_0603_1608Metric,152.653,-275.8525,90.0,top
C106,10u,C_0805_2012Metric,150.653,-276.8525,90.0,top
C107,1u,C_0603_1608Metric,162.878,-276.5105,90.0,top
C108,10u,C_0805_2012Metric,164.978,-276.7105,90.0,top
C109,1u,C_0603_1608Metric,192.265527,-264.535029,180.0,top
C110,1u,C_0603_1608Metric,183.894173,-264.469529,180.0,top
C111,1u,C_0603_1608Metric,188.619173,-267.569529,0.0,top
C112,1u,C_0603_1608Metric,191.247173,-273.069529,-90.0,top
C113,220p,C_0603_1608Metric,192.930673,-285.319529,180.0,top
C114,220p,C_0603_1608Metric,184.930673,-286.785029,0.0,top
C115,220p,C_0603_1608Metric,184.930673,-285.035029,180.0,top
C116,220p,C_0603_1608Metric,177.180673,-285.319529,0.0,top
C117,1u,C_0603_1608Metric,180.944173,-275.844529,90.0,top
C118,10u,C_0805_2012Metric,178.944173,-276.844529,90.0,top
C119,1u,C_0603_1608Metric,191.169173,-276.502529,90.0,top
C120,10u,C_0805_2012Metric,193.269173,-276.702529,90.0,top
C121,1u,C_0603_1608Metric,220.424354,-264.543,180.0,top
C122,1u,C_0603_1608Metric,212.053,-264.4775,180.0,top
C123,1u,C_0603_1608Metric,216.778,-267.5775,0.0,top
C124,1u,C_0603_1608Metric,219.406,-273.0775,-90.0,top
C125,220p,C_0603_1608Metric,221.0895,-285.3275,180.0,top
C126,220p,C_0603_1608Metric,213.0895,-286.793,0.0,top
C127,220p,C_0603_1608Metric,213.0895,-285.043,180.0,top
C128,220p,C_0603_1608Metric,205.3395,-285.3275,0.0,top
C129,1u,C_0603_1608Metric,209.103,-275.8525,90.0,top
C130,10u,C_0805_2012Metric,207.103,-276.8525,90.0,top
C131,1u,C_0603_1608Metric,219.328,-276.5105,90.0,top
C132,10u,C_0805_2012Metric,221.428,-276.7105,90.0,top
C133,1u,C_0603_1608Metric,248.574354,-264.543,180.0,top
C134,1u,C_0603_1608Metric,240.203,-264.4775,180.0,top
C135,1u,C_0603_1608Metric,244.928,-267.5775,0.0,top
C136,1u,C_0603_1608Metric,247.556,-273.0775,-90.0,top
C137,220p,C_0603_1608Metric,249.2395,-285.3275,180.0,top
C138,220p,C_0603_1608Metric,241.2395,-286.793,0.0,top
C139,220p,C_0603_1608Metric,241.2395,-285.043,180.0,top
C140,220p,C_0603_1608Metric,233.4895,-285.3275,0.0,top
C141,1u,C_0603_1608Metric,237.253,-275.8525,90.0,top
C142,10u,C_0805_2012Metric,235.253,-276.8525,90.0,top
C143,1u,C_0603_1608Metric,247.478,-276.5105,90.0,top
C144,10u,C_0805_2012Metric,249.578,-276.7105,90.0,top
CU1,100n,C_0603_1608Metric,100.060005,-56.4845,180.0,top
CU2,100n,C_0603_1608Metric,95.524005,-65.4845,180.0,top
CU3,100n,C_0603_1608Metric,95.151,-125.3895,180.0,top
CU4,100n,C_0603_1608Metric,90.615,-133.6395,180.0,top
CU5,100n,C_0603_1608Metric,97.6135,-142.8345,180.0,top
CU6,100n,C_0603_1608Metric,93.0135,-151.5225,180.0,top
CU7,100n,C_0603_1608Metric,95.7135,-165.5225,180.0,top
CU8,100n,C_0603_1608Metric,91.2025,-174.3225,180.0,top
CU9,100n,C_0603_1608Metric,98.4605,-228.602514,180.0,top
CU10,100n,C_0603_1608Metric,93.9605,-237.102514,180.0,top
CU11,220u,C_Elec_6.3x5.8,112.1885,-271.1675,90.0,top
CU12,220u,C_Elec_6.3x5.8,92.6135,-269.8845,90.0,top
CU13,100n,C_0603_1608Metric,109.201,-125.3895,180.0,top
CU14,100n,C_0603_1608Metric,105.0,-133.5,180.0,top
CU15,100n,C_0603_1608Metric,111.6635,-142.8345,180.0,top
CU16,100n,C_0603_1608Metric,107.0635,-151.5225,180.0,top
CU17,100n,C_0603_1608Metric,109.7635,-165.5225,180.0,top
CU18,100n,C_0603_1608Metric,105.2525,-174.3225,180.0,top
CU19,100n,C_0603_1608Metric,112.5105,-228.602514,180.0,top
CU20,100n,C_0603_1608Metric,108.0105,-237.102514,180.0,top
CU21,100n,C_0603_1608Metric,114.110005,-56.4845,180.0,top
CU22,100n,C_0603_1608Metric,109.574005,-65.4845,180.0,top
CU23,100n,C_0603_1608Metric,123.2875,-125.384264,180.0,top
CU24,100n,C_0603_1608Metric,119.0865,-133.494764,180.0,top
CU25,100n,C_0603_1608Metric,125.75,-142.829264,180.0,top
CU26,100n,C_0603_1608Metric,121.15,-151.517264,180.0,top
CU27,100n,C_0603_1608Metric,123.85,-165.517264,180.0,top
CU28,100n,C_0603_1608Metric,119.339,-174.317264,180.0,top
CU29,100n,C_0603_1608Metric,126.597,-228.597278,180.0,top
CU30,100n,C_0603_1608Metric,122.097,-237.097278,180.0,top
CU31,100n,C_0603_1608Metric,128.196505,-56.479264,180.0,top
CU32,100n,C_0603_1608Metric,123.660505,-65.479264,180.0,top
CU33,100n,C_0603_1608Metric,137.4375,-125.355,180.0,top
CU34,100n,C_0603_1608Metric,133.2365,-133.4655,180.0,top
CU35,100n,C_0603_1608Metric,139.9,-142.8,180.0,top
CU36,100n,C_0603_1608Metric,135.3,-151.488,180.0,top
CU37,100n,C_0603_1608Metric,138.0,-165.488,180.0,top
CU38,100n,C_0603_1608Metric,133.489,-174.288,180.0,top
CU39,100n,C_0603_1608Metric,140.747,-228.568014,180.0,top
CU40,100n,C_0603_1608Metric,136.247,-237.068014,180.0,top
CU41,100n,C_0603_1608Metric,142.346505,-56.45,180.0,top
CU42,100n,C_0603_1608Metric,137.810505,-65.45,180.0,top
CU43,100n,C_0603_1608Metric,165.6375,-125.355736,180.0,top
CU44,100n,C_0603_1608Metric,161.4365,-133.466236,180.0,top
CU45,100n,C_0603_1608Metric,168.1,-142.800736,180.0,top
CU46,100n,C_0603_1608Metric,163.5,-151.488736,180.0,top
CU47,100n,C_0603_1608Metric,166.2,-165.488736,180.0,top
CU48,100n,C_0603_1608Metric,161.689,-174.288736,180.0,top
CU49,100n,C_0603_1608Metric,168.947,-228.56875,180.0,top
CU50,100n,C_0603_1608Metric,164.447,-237.06875,180.0,top
CU51,100n,C_0603_1608Metric,170.546505,-56.450736,180.0,top
CU52,100n,C_0603_1608Metric,166.010505,-65.450736,180.0,top
CU53,100n,C_0603_1608Metric,151.5375,-125.355736,180.0,top
CU54,100n,C_0603_1608Metric,147.3365,-133.466236,180.0,top
CU55,100n,C_0603_1608Metric,154.0,-142.800736,180.0,top
CU56,100n,C_0603_1608Metric,149.4,-151.488736,180.0,top
CU57,100n,C_0603_1608Metric,152.1,-165.488736,180.0,top
CU58,100n,C_0603_1608Metric,147.589,-174.288736,180.0,top
CU59,100n,C_0603_1608Metric,154.847,-228.56875,180.0,top
CU60,100n,C_0603_1608Metric,150.347,-237.06875,180.0,top
CU61,100n,C_0603_1608Metric,156.446505,-56.450736,180.0,top
CU62,100n,C_0603_1608Metric,151.910505,-65.450736,180.0,top
CU63,100n,C_0603_1608Metric,179.7375,-125.355736,180.0,top
CU64,100n,C_0603_1608Metric,175.5365,-133.466236,180.0,top
CU65,100n,C_0603_1608Metric,182.2,-142.800736,180.0,top
CU66,100n,C_0603_1608Metric,177.6,-151.488736,180.0,top
CU67,100n,C_0603_1608Metric,180.3,-165.488736,180.0,top
CU68,100n,C_0603_1608Metric,175.789,-174.288736,180.0,top
CU69,100n,C_0603_1608Metric,183.047,-228.56875,180.0,top
CU70,100n,C_0603_1608Metric,178.547,-237.06875,180.0,top
CU71,100n,C_0603_1608Metric,184.646505,-56.450736,180.0,top
CU72,100n,C_0603_1608Metric,180.110505,-65.450736,180.0,top
CU73,100n,C_0603_1608Metric,193.7875,-125.355736,180.0,top
CU74,100n,C_0603_1608Metric,189.5865,-133.466236,180.0,top
CU75,100n,C_0603_1608Metric,196.25,-142.800736,180.0,top
CU76,100n,C_0603_1608Metric,191.65,-151.488736,180.0,top
CU77,100n,C_0603_1608Metric,194.35,-165.488736,180.0,top
CU78,100n,C_0603_1608Metric,189.839,-174.288736,180.0,top
CU79,100n,C_0603_1608Metric,197.097,-228.56875,180.0,top
CU80,100n,C_0603_1608Metric,192.597,-237.06875,180.0,top
CU81,100n,C_0603_1608Metric,198.696504,-56.450736,180.0,top
CU82,100n,C_0603_1608Metric,194.160504,-65.450736,180.0,top
CU83,100n,C_0603_1608Metric,207.8875,-125.355736,180.0,top
CU84,100n,C_0603_1608Metric,203.6865,-133.466236,180.0,top
CU85,100n,C_0603_1608Metric,210.35,-142.800736,180.0,top
CU86,100n,C_0603_1608Metric,205.75,-151.488736,180.0,top
CU87,100n,C_0603_1608Metric,208.45,-165.488736,180.0,top
CU88,100n,C_0603_1608Metric,203.939,-174.288736,180.0,top
CU89,100n,C_0603_1608Metric,211.197,-228.56875,180.0,top
CU90,100n,C_0603_1608Metric,206.697,-237.06875,180.0,top
CU91,100n,C_0603_1608Metric,212.796505,-56.450736,180.0,top
CU92,100n,C_0603_1608Metric,208.260505,-65.450736,180.0,top
CU93,100n,C_0603_1608Metric,221.9875,-125.355736,180.0,top
CU94,100n,C_0603_1608Metric,217.7865,-133.466236,180.0,top
CU95,100n,C_0603_1608Metric,224.45,-142.800736,180.0,top
CU96,100n,C_0603_1608Metric,219.85,-151.488736,180.0,top
CU97,100n,C_0603_1608Metric,222.55,-165.488736,180.0,top
CU98,100n,C_0603_1608Metric,218.039,-174.288736,180.0,top
CU99,100n,C_0603_1608Metric,225.297,-228.56875,180.0,top
CU100,100n,C_0603_1608Metric,220.797,-237.06875,180.0,top
CU101,100n,C_0603_1608Metric,226.896505,-56.450736,180.0,top
CU102,100n,C_0603_1608Metric,222.360505,-65.450736,180.0,top
CU103,100n,C_0603_1608Metric,236.0875,-125.405736,180.0,top
CU104,100n,C_0603_1608Metric,231.8865,-133.516236,180.0,top
CU105,100n,C_0603_1608Metric,238.55,-142.850736,180.0,top
CU106,100n,C_0603_1608Metric,233.95,-151.538736,180.0,top
CU107,100n,C_0603_1608Metric,236.65,-165.538736,180.0,top
CU108,100n,C_0603_1608Metric,232.139,-174.338736,180.0,top
CU109,100n,C_0603_1608Metric,239.397,-228.61875,180.0,top
CU110,100n,C_0603_1608Metric,234.897,-237.11875,180.0,top
CU111,100n,C_0603_1608Metric,240.996505,-56.500736,180.0,top
CU112,100n,C_0603_1608Metric,236.460505,-65.500736,180.0,top
CU113,100n,C_0603_1608Metric,250.1875,-125.405,180.0,top
CU114,100n,C_0603_1608Metric,245.9865,-133.5155,180.0,top
CU115,100n,C_0603_1608Metric,252.65,-142.85,180.0,top
CU116,100n,C_0603_1608Metric,248.05,-151.538,180.0,top
CU117,100n,C_0603_1608Metric,250.75,-165.538,180.0,top
CU118,100n,C_0603_1608Metric,246.239,-174.338,180.0,top
CU119,100n,C_0603_1608Metric,253.497,-228.618014,180.0,top
CU120,100n,C_0603_1608Metric,248.997,-237.118014,180.0,top
CU121,100n,C_0603_1608Metric,255.096505,-56.5,180.0,top
CU122,100n,C_0603_1608Metric,250.560505,-65.5,180.0,top
CU123,220u,C_Elec_6.3x5.8,140.414001,-271.18125,90.0,top
CU124,220u,C_Elec_6.3x5.8,120.839,-269.89825,90.0,top
CU125,220u,C_Elec_6.3x5.8,168.578,-271.2105,90.0,top
CU126,220u,C_Elec_6.3x5.8,149.003,-269.9275,90.0,top
CU127,220u,C_Elec_6.3x5.8,196.869173,-271.202529,90.0,top
CU128,220u,C_Elec_6.3x5.8,177.294173,-269.919529,90.0,top
CU129,220u,C_Elec_6.3x5.8,225.028,-271.2105,90.0,top
CU130,220u,C_Elec_6.3x5.8,205.453,-269.9275,90.0,top
CU131,220u,C_Elec_6.3x5.8,253.178,-271.2105,90.0,top
CU132,220u,C_Elec_6.3x5.8,233.603,-269.9275,90.0,top
D1,1N4148W,D_SOD-123,99.3635,-118.9845,0.0,top
D2,1N4148W,D_SOD-123,99.3635,-121.7345,180.0,top
D3,1N4148W,D_SOD-123,99.3635,-124.4845,0.0,top
D4,1N4148W,D_SOD-123,91.8635,-137.2345,180.0,top
D5,1N4148W,D_SOD-123,96.8635,-137.2345,180.0,top
D6,1N4148W,D_SOD-123,98.6135,-134.4845,180.0,top
D7,1N4148W,D_SOD-123,94.9135,-162.3225,180.0,top
D8,1N4148W,D_SOD-123,99.3135,-170.1225,90.0,top
D9,1N4148W,D_SOD-123,98.1135,-249.2345,0.0,top
D10,1N4148W,D_SOD-123,92.3635,-249.2345,0.0,top
D11,1N4148W,D_SOD-123,98.1135,-245.9845,180.0,top
D12,LED_Dual_KAK,LED_D3.0mm-3,94.6605,-88.9845,180.0,top
D13,LED_Dual_KAK,LED_D3.0mm-3,108.7105,-88.9845,180.0,top
D14,1N4148W,D_SOD-123,106.4135,-249.9845,0.0,top
D15,1N4148W,D_SOD-123,112.1635,-245.9845,180.0,top
D16,1N4148W,D_SOD-123,112.1635,-249.9845,0.0,top
D17,1N4148W,D_SOD-123,113.4135,-118.9845,0.0,top
D18,1N4148W,D_SOD-123,113.4135,-121.7345,180.0,top
D19,1N4148W,D_SOD-123,113.4135,-124.4845,0.0,top
D20,1N4148W,D_SOD-123,105.9135,-137.2345,180.0,top
D21,1N4148W,D_SOD-123,110.9135,-137.2345,180.0,top
D22,1N4148W,D_SOD-123,112.6635,-134.4845,180.0,top
D23,1N4148W,D_SOD-123,113.3635,-170.1225,90.0,top
D24,1N4148W,D_SOD-123,108.9635,-162.3225,180.0,top
D25,LED_Dual_KAK,LED_D3.0mm-3,122.797,-88.979264,180.0,top
D26,1N4148W,D_SOD-123,120.5,-249.979264,0.0,top
D27,1N4148W,D_SOD-123,126.25,-245.979264,180.0,top
D28,1N4148W,D_SOD-123,126.25,-249.979264,0.0,top
D29,1N4148W,D_SOD-123,127.5,-118.979264,0.0,top
D30,1N4148W,D_SOD-123,127.5,-121.729264,180.0,top
D31,1N4148W,D_SOD-123,127.5,-124.479264,0.0,top
D32,1N4148W,D_SOD-123,120.0,-137.229264,180.0,top
D33,1N4148W,D_SOD-123,125.0,-137.229264,180.0,top
D34,1N4148W,D_SOD-123,126.75,-134.479264,180.0,top
D35,1N4148W,D_SOD-123,127.45,-170.117264,90.0,top
D36,1N4148W,D_SOD-123,123.05,-162.317264,180.0,top
D37,LED_Dual_KAK,LED_D3.0mm-3,136.947,-88.95,180.0,top
D38,1N4148W,D_SOD-123,134.65,-249.95,0.0,top
D39,1N4148W,D_SOD-123,140.4,-245.95,180.0,top
D40,1N4148W,D_SOD-123,140.4,-249.95,0.0,top
D41,1N4148W,D_SOD-123,141.65,-118.95,0.0,top
D42,1N4148W,D_SOD-123,141.65,-121.7,180.0,top
D43,1N4148W,D_SOD-123,141.65,-124.45,0.0,top
D44,1N4148W,D_SOD-123,134.15,-137.2,180.0,top
D45,1N4148W,D_SOD-123,139.15,-137.2,180.0,top
D46,1N4148W,D_SOD-123,140.9,-134.45,180.0,top
D47,1N4148W,D_SOD-123,141.6,-170.088,90.0,top
D48,1N4148W,D_SOD-123,137.2,-162.288,180.0,top
D49,LED_Dual_KAK,LED_D3.0mm-3,165.147,-88.950736,180.0,top
D50,1N4148W,D_SOD-123,162.85,-249.950736,0.0,top
D51,1N4148W,D_SOD-123,168.6,-245.950736,180.0,top
D52,1N4148W,D_SOD-123,168.6,-249.950736,0.0,top
D53,1N4148W,D_SOD-123,169.85,-118.950736,0.0,top
D54,1N4148W,D_SOD-123,169.85,-121.700736,180.0,top
D55,1N4148W,D_SOD-123,169.85,-124.450736,0.0,top
D56,1N4148W,D_SOD-123,162.35,-137.200736,180.0,top
D57,1N4148W,D_SOD-123,167.35,-137.200736,180.0,top
D58,1N4148W,D_SOD-123,169.1,-134.450736,180.0,top
D59,1N4148W,D_SOD-123,169.8,-170.088736,90.0,top
D60,1N4148W,D_SOD-123,165.4,-162.288736,180.0,top
D61,LED_Dual_KAK,LED_D3.0mm-3,151.047,-88.950736,180.0,top
D62,1N4148W,D_SOD-123,148.75,-249.950736,0.0,top
D63,1N4148W,D_SOD-123,154.5,-245.950736,180.0,top
D64,1N4148W,D_SOD-123,154.5,-249.950736,0.0,top
D65,1N4148W,D_SOD-123,155.75,-118.950736,0.0,top
D66,1N4148W,D_SOD-123,155.75,-121.700736,180.0,top
D67,1N4148W,D_SOD-123,155.75,-124.450736,0.0,top
D68,1N4148W,D_SOD-123,148.25,-137.200736,180.0,top
D69,1N4148W,D_SOD-123,153.25,-137.200736,180.0,top
D70,1N4148W,D_SOD-123,155.0,-134.450736,180.0,top
D71,1N4148W,D_SOD-123,155.7,-170.088736,90.0,top
D72,1N4148W,D_SOD-123,151.3,-162.288736,180.0,top
D73,LED_Dual_KAK,LED_D3.0mm-3,179.247,-88.950736,180.0,top
D74,1N4148W,D_SOD-123,176.95,-249.950736,0.0,top
D75,1N4148W,D_SOD-123,182.7,-245.950736,180.0,top
D76,1N4148W,D_SOD-123,182.7,-249.950736,0.0,top
D77,1N4148W,D_SOD-123,183.95,-118.950736,0.0,top
D78,1N4148W,D_SOD-123,183.95,-121.700736,180.0,top
D79,1N4148W,D_SOD-123,183.95,-124.450736,0.0,top
D80,1N4148W,D_SOD-123,176.45,-137.200736,180.0,top
D81,1N4148W,D_SOD-123,181.45,-137.200736,180.0,top
D82,1N4148W,D_SOD-123,183.2,-134.450736,180.0,top
D83,1N4148W,D_SOD-123,183.9,-170.088736,90.0,top
D84,1N4148W,D_SOD-123,179.5,-162.288736,180.0,top
D85,LED_Dual_KAK,LED_D3.0mm-3,193.296999,-88.950736,180.0,top
D86,1N4148W,D_SOD-123,191.0,-249.950736,0.0,top
D87,1N4148W,D_SOD-123,196.75,-245.950736,180.0,top
D88,1N4148W,D_SOD-123,196.75,-249.950736,0.0,top
D89,1N4148W,D_SOD-123,198.0,-118.950736,0.0,top
D90,1N4148W,D_SOD-123,198.0,-121.700736,180.0,top
D91,1N4148W,D_SOD-123,198.0,-124.450736,0.0,top
D92,1N4148W,D_SOD-123,190.5,-137.200736,180.0,top
D93,1N4148W,D_SOD-123,195.5,-137.200736,180.0,top
D94,1N4148W,D_SOD-123,197.25,-134.450736,180.0,top
D95,1N4148W,D_SOD-123,197.95,-170.088736,90.0,top
D96,1N4148W,D_SOD-123,193.55,-162.288736,180.0,top
D97,LED_Dual_KAK,LED_D3.0mm-3,207.397,-88.950736,180.0,top
D98,1N4148W,D_SOD-123,205.1,-249.950736,0.0,top
D99,1N4148W,D_SOD-123,210.85,-245.950736,180.0,top
D100,1N4148W,D_SOD-123,210.85,-249.950736,0.0,top
D101,1N4148W,D_SOD-123,212.1,-118.950736,0.0,top
D102,1N4148W,D_SOD-123,212.1,-121.700736,180.0,top
D103,1N4148W,D_SOD-123,212.1,-124.450736,0.0,top
D104,1N4148W,D_SOD-123,204.6,-137.200736,180.0,top
D105,1N4148W,D_SOD-123,209.6,-137.200736,180.0,top
D106,1N4148W,D_SOD-123,211.35,-134.450736,180.0,top
D107,1N4148W,D_SOD-123,212.05,-170.088736,90.0,top
D108,1N4148W,D_SOD-123,207.65,-162.288736,180.0,top
D109,LED_Dual_KAK,LED_D3.0mm-3,221.497,-88.950736,180.0,top
D110,1N4148W,D_SOD-123,219.2,-249.950736,0.0,top
D111,1N4148W,D_SOD-123,224.95,-245.950736,180.0,top
D112,1N4148W,D_SOD-123,224.95,-249.950736,0.0,top
D113,1N4148W,D_SOD-123,226.2,-118.950736,0.0,top
D114,1N4148W,D_SOD-123,226.2,-121.700736,180.0,top
D115,1N4148W,D_SOD-123,226.2,-124.450736,0.0,top
D116,1N4148W,D_SOD-123,218.7,-137.200736,180.0,top
D117,1N4148W,D_SOD-123,223.7,-137.200736,180.0,top
D118,1N4148W,D_SOD-123,225.45,-134.450736,180.0,top
D119,1N4148W,D_SOD-123,226.15,-170.088736,90.0,top
D120,1N4148W,D_SOD-123,221.75,-162.288736,180.0,top
D121,LED_Dual_KAK,LED_D3.0mm-3,235.597,-89.000736,180.0,top
D122,1N4148W,D_SOD-123,233.3,-250.000736,0.0,top
D123,1N4148W,D_SOD-123,239.05,-246.000736,180.0,top
D124,1N4148W,D_SOD-123,239.05,-250.000736,0.0,top
D125,1N4148W,D_SOD-123,240.3,-119.000736,0.0,top
D126,1N4148W,D_SOD-123,240.3,-121.750736,180.0,top
D127,1N4148W,D_SOD-123,240.3,-124.500736,0.0,top
D128,1N4148W,D_SOD-123,232.8,-137.250736,180.0,top
D129,1N4148W,D_SOD-123,237.8,-137.250736,180.0,top
D130,1N4148W,D_SOD-123,239.55,-134.500736,180.0,top
D131,1N4148W,D_SOD-123,240.25,-170.138736,90.0,top
D132,1N4148W,D_SOD-123,235.85,-162.338736,180.0,top
D133,LED_Dual_KAK,LED_D3.0mm-3,249.697,-89.0,180.0,top
D134,1N4148W,D_SOD-123,247.4,-250.0,0.0,top
D135,1N4148W,D_SOD-123,253.15,-246.0,180.0,top
D136,1N4148W,D_SOD-123,253.15,-250.0,0.0,top
D137,1N4148W,D_SOD-123,254.4,-119.0,0.0,top
D138,1N4148W,D_SOD-123,254.4,-121.75,180.0,top
D139,1N4148W,D_SOD-123,254.4,-124.5,0.0,top
D140,1N4148W,D_SOD-123,246.9,-137.25,180.0,top
D141,1N4148W,D_SOD-123,251.9,-137.25,180.0,top
D142,1N4148W,D_SOD-123,253.65,-134.5,180.0,top
D143,1N4148W,D_SOD-123,254.35,-170.138,90.0,top
D144,1N4148W,D_SOD-123,249.95,-162.338,180.0,top
D145,LED,LED_0603_1608Metric,77.5,-215.0,90.0,top
D146,LED,LED_0603_1608Metric,77.5,-239.1,90.0,top
D147,LED,LED_0603_1608Metric,77.2,-273.8,90.0,top
DNP1,Power_Resistor,R_Axial_Power_L50.0mm_W9.0mm_P55.88mm,109.3635,-334.7345,-90.0,top
DNP2,Power_Resistor,R_Axial_Power_L50.0mm_W9.0mm_P55.88mm,95.3635,-334.4845,-90.0,top
DNP3,Power_Resistor,R_Axial_Power_L50.0mm_W9.0mm_P55.88mm,137.589,-334.74825,-90.0,top
DNP4,Power_Resistor,R_Axial_Power_L50.0mm_W9.0mm_P55.88mm,123.589,-334.49825,-90.0,top
DNP5,Power_Resistor,R_Axial_Power_L50.0mm_W9.0mm_P55.88mm,165.753,-334.7775,-90.0,top
DNP6,Power_Resistor,R_Axial_Power_L50.0mm_W9.0mm_P55.88mm,151.753,-334.5275,-90.0,top
DNP7,Power_Resistor,R_Axial_Power_L50.0mm_W9.0mm_P55.88mm,194.044173,-334.769529,-90.0,top
DNP8,Power_Resistor,R_Axial_Power_L50.0mm_W9.0mm_P55.88mm,180.044173,-334.519529,-90.0,top
DNP9,Power_Resistor,R_Axial_Power_L50.0mm_W9.0mm_P55.88mm,222.203,-334.7775,-90.0,top
DNP10,Power_Resistor,R_Axial_Power_L50.0mm_W9.0mm_P55.88mm,208.203,-334.5275,-90.0,top
DNP11,Power_Resistor,R_Axial_Power_L50.0mm_W9.0mm_P55.88mm,250.353,-334.7775,-90.0,top
DNP12,Power_Resistor,R_Axial_Power_L50.0mm_W9.0mm_P55.88mm,236.353,-334.5275,-90.0,top
FB1,5A/120Ohm,C_0805_2012Metric,105.9885,-282.0345,-90.0,top
FB2,5A/120Ohm,C_0805_2012Metric,102.9885,-282.0345,-90.0,top
FB3,5A/120Ohm,C_0805_2012Metric,97.7885,-282.0345,-90.0,top
FB4,5A/120Ohm,C_0805_2012Metric,94.9885,-282.0345,-90.0,top
FB5,5A/120Ohm,C_0805_2012Metric,123.214,-282.04825,-90.0,top
FB6,5A/120Ohm,C_0805_2012Metric,126.014,-282.04825,-90.0,top
FB7,5A/120Ohm,C_0805_2012Metric,131.214,-282.04825,-90.0,top
FB8,5A/120Ohm,C_0805_2012Metric,134.214,-282.04825,-90.0,top
FB9,5A/120Ohm,C_0805_2012Metric,151.378,-282.0775,-90.0,top
FB10,5A/120Ohm,C_0805_2012Metric,154.178,-282.0775,-90.0,top
FB11,5A/120Ohm,C_0805_2012Metric,159.378,-282.0775,-90.0,top
FB12,5A/120Ohm,C_0805_2012Metric,162.378,-282.0775,-90.0,top
FB13,5A/120Ohm,C_0805_2012Metric,179.669173,-282.069529,-90.0,top
FB14,5A/120Ohm,C_0805_2012Metric,182.469173,-282.069529,-90.0,top
FB15,5A/120Ohm,C_0805_2012Metric,187.669173,-282.069529,-90.0,top
FB16,5A/120Ohm,C_0805_2012Metric,190.669173,-282.069529,-90.0,top
FB17,5A/120Ohm,C_0805_2012Metric,207.828,-282.0775,-90.0,top
FB18,5A/120Ohm,C_0805_2012Metric,210.628,-282.0775,-90.0,top
FB19,5A/120Ohm,C_0805_2012Metric,215.828,-282.0775,-90.0,top
FB20,5A/120Ohm,C_0805_2012Metric,218.828,-282.0775,-90.0,top
FB21,5A/120Ohm,C_0805_2012Metric,235.978,-282.0775,-90.0,top
FB22,5A/120Ohm,C_0805_2012Metric,238.778,-282.0775,-90.0,top
FB23,5A/120Ohm,C_0805_2012Metric,243.978,-282.0775,-90.0,top
FB24,5A/120Ohm,C_0805_2012Metric,246.978,-282.0775,-90.0,top
J1,Conn_01x03_Male,PinHeader_1x03_P2.54mm_Vertical,111.9885,-282.0095,180.0,top
J2,Conn_01x01_Female,TerminalBlock_Keystone_7797,80.5,-207.5145,90.0,top
J3,Conn_01x03_Male,JST_XH_S3B-XH-A_1x03_P2.50mm_Horizontal,93.560005,-46.8475,180.0,top
J4,Conn_01x01_Female,TerminalBlock_Keystone_7797,80.5,-265.8645,90.0,top
J5,Conn_01x12_Female,PinHeader_1x12_P2.54mm_Vertical,78.5135,-167.325,180.0,top
J6,Conn_01x01_Female,TerminalBlock_Keystone_7797,80.5,-226.936722,90.0,top
J7,Conn_01x01_Female,TerminalBlock_Keystone_7797,263.5,-207.17,-90.0,top
J8,Conn_01x01_Female,TerminalBlock_Keystone_7797,80.5,-246.66704,90.0,top
J9,Conn_01x01_Female,TerminalBlock_Keystone_7797,263.6,-265.52,-90.0,top
J10,Conn_01x01_Female,TerminalBlock_Keystone_7797,263.6,-226.62,-90.0,top
J11,Conn_01x01_Female,TerminalBlock_Keystone_7797,263.5,-246.07,-90.0,top
J12,Conn_01x01_Female,TerminalBlock_Keystone_7797,107.1135,-382.9645,90.0,top
J13,Conn_01x01_Female,TerminalBlock_Keystone_7797,111.6135,-371.2145,90.0,top
J14,Conn_01x01_Female,TerminalBlock_Keystone_7797,97.6135,-371.2145,90.0,top
J15,Conn_01x01_Female,TerminalBlock_Keystone_7797,93.1135,-382.9645,90.0,top
J16,AudioJack2_SwitchT,Jack_3.5mm_QingPu_WQP-PJ301M-12_Vertical,109.2605,-99.6495,0.0,top
J17,Conn_01x03_Male,JST_XH_S3B-XH-A_1x03_P2.50mm_Horizontal,107.610005,-46.8475,180.0,top
J18,AudioJack2_SwitchT,Jack_3.5mm_QingPu_WQP-PJ301M-12_Vertical,109.212,-217.4875,0.0,top
J19,AudioJack2_SwitchT,Jack_3.5mm_QingPu_WQP-PJ301M-12_Vertical,123.347,-99.644264,0.0,top
J20,Conn_01x03_Male,JST_XH_S3B-XH-A_1x03_P2.50mm_Horizontal,121.696505,-46.842264,180.0,top
J21,AudioJack2_SwitchT,Jack_3.5mm_QingPu_WQP-PJ301M-12_Vertical,123.2985,-217.482264,0.0,top
J22,AudioJack2_SwitchT,Jack_3.5mm_QingPu_WQP-PJ301M-12_Vertical,137.497,-99.615,0.0,top
J23,Conn_01x03_Male,JST_XH_S3B-XH-A_1x03_P2.50mm_Horizontal,135.846505,-46.813,180.0,top
J24,AudioJack2_SwitchT,Jack_3.5mm_QingPu_WQP-PJ301M-12_Vertical,137.4485,-217.453,0.0,top
J25,AudioJack2_SwitchT,Jack_3.5mm_QingPu_WQP-PJ301M-12_Vertical,165.697,-99.615736,0.0,top
J26,Conn_01x03_Male,JST_XH_S3B-XH-A_1x03_P2.50mm_Horizontal,164.046505,-46.813736,180.0,top
J27,AudioJack2_SwitchT,Jack_3.5mm_QingPu_WQP-PJ301M-12_Vertical,165.6485,-217.453736,0.0,top
J28,AudioJack2_SwitchT,Jack_3.5mm_QingPu_WQP-PJ301M-12_Vertical,151.597,-99.615736,0.0,top
J29,Conn_01x03_Male,JST_XH_S3B-XH-A_1x03_P2.50mm_Horizontal,149.946505,-46.813736,180.0,top
J30,AudioJack2_SwitchT,Jack_3.5mm_QingPu_WQP-PJ301M-12_Vertical,151.5485,-217.453736,0.0,top
J31,AudioJack2_SwitchT,Jack_3.5mm_QingPu_WQP-PJ301M-12_Vertical,179.797,-99.615736,0.0,top
J32,Conn_01x03_Male,JST_XH_S3B-XH-A_1x03_P2.50mm_Horizontal,178.146505,-46.813736,180.0,top
J33,AudioJack2_SwitchT,Jack_3.5mm_QingPu_WQP-PJ301M-12_Vertical,179.7485,-217.453736,0.0,top
J34,AudioJack2_SwitchT,Jack_3.5mm_QingPu_WQP-PJ301M-12_Vertical,193.846999,-99.615736,0.0,top
J35,Conn_01x03_Male,JST_XH_S3B-XH-A_1x03_P2.50mm_Horizontal,192.196504,-46.813736,180.0,top
J36,AudioJack2_SwitchT,Jack_3.5mm_QingPu_WQP-PJ301M-12_Vertical,193.7985,-217.453736,0.0,top
J37,AudioJack2_SwitchT,Jack_3.5mm_QingPu_WQP-PJ301M-12_Vertical,207.947,-99.615736,0.0,top
J38,Conn_01x03_Male,JST_XH_S3B-XH-A_1x03_P2.50mm_Horizontal,206.296505,-46.813736,180.0,top
J39,AudioJack2_SwitchT,Jack_3.5mm_QingPu_WQP-PJ301M-12_Vertical,207.8985,-217.453736,0.0,top
J40,AudioJack2_SwitchT,Jack_3.5mm_QingPu_WQP-PJ301M-12_Vertical,222.047,-99.615736,0.0,top
J41,Conn_01x03_Male,JST_XH_S3B-XH-A_1x03_P2.50mm_Horizontal,220.396505,-46.813736,180.0,top
J42,AudioJack2_SwitchT,Jack_3.5mm_QingPu_WQP-PJ301M-12_Vertical,221.9985,-217.453736,0.0,top
J43,AudioJack2_SwitchT,Jack_3.5mm_QingPu_WQP-PJ301M-12_Vertical,236.147,-99.665736,0.0,top
J44,Conn_01x03_Male,JST_XH_S3B-XH-A_1x03_P2.50mm_Horizontal,234.496505,-46.863736,180.0,top
J45,AudioJack2_SwitchT,Jack_3.5mm_QingPu_WQP-PJ301M-12_Vertical,236.0985,-217.503736,0.0,top
J46,AudioJack2_SwitchT,Jack_3.5mm_QingPu_WQP-PJ301M-12_Vertical,250.247,-99.665,0.0,top
J47,Conn_01x03_Male,JST_XH_S3B-XH-A_1x03_P2.50mm_Horizontal,248.596505,-46.863,180.0,top
J48,AudioJack2_SwitchT,Jack_3.5mm_QingPu_WQP-PJ301M-12_Vertical,250.1985,-217.503,0.0,top
J49,Conn_01x03_Male,PinHeader_1x03_P2.54mm_Vertical,140.214,-282.02325,180.0,top
J50,Conn_01x01_Female,TerminalBlock_Keystone_7797,135.339,-382.97825,90.0,top
J51,Conn_01x01_Female,TerminalBlock_Keystone_7797,139.839,-371.22825,90.0,top
J52,Conn_01x01_Female,TerminalBlock_Keystone_7797,125.839,-371.22825,90.0,top
J53,Conn_01x01_Female,TerminalBlock_Keystone_7797,121.339,-382.97825,90.0,top
J54,Conn_01x03_Male,PinHeader_1x03_P2.54mm_Vertical,168.378,-282.0525,180.0,top
J55,Conn_01x01_Female,TerminalBlock_Keystone_7797,163.503,-383.0075,90.0,top
J56,Conn_01x01_Female,TerminalBlock_Keystone_7797,168.003,-371.2575,90.0,top
J57,Conn_01x01_Female,TerminalBlock_Keystone_7797,154.003,-371.2575,90.0,top
J58,Conn_01x01_Female,TerminalBlock_Keystone_7797,149.503,-383.0075,90.0,top
J59,Conn_01x03_Male,PinHeader_1x03_P2.54mm_Vertical,196.669173,-282.044529,180.0,top
J60,Conn_01x01_Female,TerminalBlock_Keystone_7797,191.794173,-382.999529,90.0,top
J61,Conn_01x01_Female,TerminalBlock_Keystone_7797,196.294173,-371.249529,90.0,top
J62,Conn_01x01_Female,TerminalBlock_Keystone_7797,182.294173,-371.249529,90.0,top
J63,Conn_01x01_Female,TerminalBlock_Keystone_7797,177.794173,-382.999529,90.0,top
J64,Conn_01x03_Male,PinHeader_1x03_P2.54mm_Vertical,224.828,-282.0525,180.0,top
J65,Conn_01x01_Female,TerminalBlock_Keystone_7797,219.953,-383.0075,90.0,top
J66,Conn_01x01_Female,TerminalBlock_Keystone_7797,224.453,-371.2575,90.0,top
J67,Conn_01x01_Female,TerminalBlock_Keystone_7797,210.453,-371.2575,90.0,top
J68,Conn_01x01_Female,TerminalBlock_Keystone_7797,205.953,-383.0075,90.0,top
J69,Conn_01x03_Male,PinHeader_1x03_P2.54mm_Vertical,252.978,-282.0525,180.0,top
J70,Conn_01x01_Female,TerminalBlock_Keystone_7797,248.103,-383.0075,90.0,top
J71,Conn_01x01_Female,TerminalBlock_Keystone_7797,252.603,-371.2575,90.0,top
J72,Conn_01x01_Female,TerminalBlock_Keystone_7797,238.603,-371.2575,90.0,top
J73,Conn_01x01_Female,TerminalBlock_Keystone_7797,234.103,-383.0075,90.0,top
J74,Conn_01x12_Female,PinHeader_1x12_P2.54mm_Vertical,82.5635,-167.325,180.0,top
J200,AudioJack2_SwitchT,Jack_3.5mm_QingPu_WQP-PJ301M-12_Vertical,95.162,-217.4875,0.0,top
J201,AudioJack2_SwitchT,Jack_3.5mm_QingPu_WQP-PJ301M-12_Vertical,95.2105,-99.6495,0.0,top
JA1_in1,AudioJack3,Jack_3.5mm_QingPu_WQP-PJ366ST_Vertical,81.7135,-99.6495,0.0,top
JA2_out1,AudioJack3,Jack_3.5mm_QingPu_WQP-PJ366ST_Vertical,264.25,-99.665,0.0,top
R1,10k,R_0603_1608Metric,100.660005,-46.0975,-90.0,top
R2,1k,R_0603_1608Metric,95.891005,-56.4845,180.0,top
R3,510,R_0603_1608Metric,111.7605,-85.7345,0.0,top
R4,100k,R_0603_1608Metric,90.060005,-63.9845,90.0,top
R5,100k,R_0603_1608Metric,94.9605,-116.4845,180.0,top
R6,10k,R_0603_1608Metric,91.1135,-116.4845,0.0,top
R7,100k,R_0603_1608Metric,94.3635,-134.2345,0.0,top
R8,100k,R_0603_1608Metric,100.1135,-129.4845,-90.0,top
R9,100k,R_0603_1608Metric,98.1135,-129.4845,90.0,top
R10,100k,R_0603_1608Metric,90.052,-145.7445,-90.0,top
R11,10k,R_0603_1608Metric,90.052,-149.5545,90.0,top
R12,20k,R_0603_1608Metric,98.1135,-152.5345,0.0,top
R13,100k,R_0603_1608Metric,91.3225,-165.5225,0.0,top
R14,100k,R_0603_1608Metric,95.7135,-174.3225,180.0,top
R15,ADJ,R_0603_1608Metric,99.3135,-180.0345,90.0,top
R16,470k,R_0603_1608Metric,99.3135,-175.6345,90.0,top
R17,100k,R_0603_1608Metric,99.6135,-189.7345,90.0,top
R18,470k,R_0603_1608Metric,90.289486,-233.4845,180.0,top
R19,470k,R_0603_1608Metric,90.289486,-235.7345,0.0,top
R20,100k,R_0603_1608Metric,94.789486,-228.602514,0.0,top
R21,100k,R_0603_1608Metric,91.539486,-228.602514,0.0,top
R22,100k,R_0603_1608Metric,91.4605,-251.7345,180.0,top
R23,2k,R_0603_1608Metric,98.99745,-240.965278,0.0,top
R24,430,R_0603_1608Metric,93.2105,-85.7345,180.0,top
R25,510,R_0603_1608Metric,97.7105,-85.7345,0.0,top
R26,0,R_0603_1608Metric,93.2105,-83.7345,0.0,top
R27,0,R_0603_1608Metric,97.7105,-83.7345,180.0,top
R28,10k,R_0603_1608Metric,106.7885,-268.4675,-90.0,top
R29,10k,R_0603_1608Metric,99.1885,-267.5345,0.0,top
R30,10k,R_0603_1608Metric,115.2885,-279.1845,-90.0,top
R31,430,R_0603_1608Metric,107.2605,-85.7345,180.0,top
R32,0,R_0603_1608Metric,111.7605,-83.7345,180.0,top
R33,0,R_0603_1608Metric,107.2605,-83.7345,0.0,top
R34,100k,R_0603_1608Metric,105.5105,-252.4845,180.0,top
R35,100k,R_0603_1608Metric,105.589486,-228.602514,0.0,top
R36,2k,R_0603_1608Metric,113.04745,-240.965278,0.0,top
R37,470k,R_0603_1608Metric,104.339486,-235.7345,0.0,top
R38,100k,R_0603_1608Metric,108.839486,-228.602514,0.0,top
R39,470k,R_0603_1608Metric,104.339486,-233.4845,180.0,top
R40,10k,R_0603_1608Metric,114.710005,-46.0975,-90.0,top
R41,100k,R_0603_1608Metric,109.0105,-116.4845,180.0,top
R42,10k,R_0603_1608Metric,105.1635,-116.4845,0.0,top
R43,100k,R_0603_1608Metric,114.1635,-129.4845,-90.0,top
R44,100k,R_0603_1608Metric,112.1635,-129.4845,90.0,top
R45,100k,R_0603_1608Metric,113.6635,-189.7345,90.0,top
R46,470k,R_0603_1608Metric,113.3635,-175.6345,90.0,top
R47,1k,R_0603_1608Metric,109.941005,-56.4845,180.0,top
R48,100k,R_0603_1608Metric,108.4135,-134.2345,0.0,top
R49,ADJ,R_0603_1608Metric,113.3635,-180.0345,90.0,top
R50,100k,R_0603_1608Metric,104.110005,-63.9845,90.0,top
R51,10k,R_0603_1608Metric,104.102,-149.5545,90.0,top
R52,100k,R_0603_1608Metric,104.102,-145.7445,-90.0,top
R53,20k,R_0603_1608Metric,112.1635,-152.5345,0.0,top
R54,100k,R_0603_1608Metric,109.7635,-174.3225,180.0,top
R55,100k,R_0603_1608Metric,105.3725,-165.5225,0.0,top
R56,510,R_0603_1608Metric,125.847,-85.729264,0.0,top
R57,430,R_0603_1608Metric,121.347,-85.729264,180.0,top
R58,0,R_0603_1608Metric,125.847,-83.729264,180.0,top
R59,0,R_0603_1608Metric,121.347,-83.729264,0.0,top
R60,100k,R_0603_1608Metric,119.597,-252.479264,180.0,top
R61,100k,R_0603_1608Metric,119.675986,-228.597278,0.0,top
R62,2k,R_0603_1608Metric,127.13395,-240.960042,0.0,top
R63,470k,R_0603_1608Metric,118.425986,-235.729264,0.0,top
R64,100k,R_0603_1608Metric,122.925986,-228.597278,0.0,top
R65,470k,R_0603_1608Metric,118.425986,-233.479264,180.0,top
R66,10k,R_0603_1608Metric,128.796505,-46.092264,-90.0,top
R67,100k,R_0603_1608Metric,123.097,-116.479264,180.0,top
R68,10k,R_0603_1608Metric,119.25,-116.479264,0.0,top
R69,100k,R_0603_1608Metric,128.25,-129.479264,-90.0,top
R70,100k,R_0603_1608Metric,127.75,-189.729264,90.0,top
R71,470k,R_0603_1608Metric,127.45,-175.629264,90.0,top
R72,1k,R_0603_1608Metric,124.027505,-56.479264,180.0,top
R73,100k,R_0603_1608Metric,122.5,-134.229264,0.0,top
R74,ADJ,R_0603_1608Metric,127.45,-180.029264,90.0,top
R75,100k,R_0603_1608Metric,118.196505,-63.979264,90.0,top
R76,10k,R_0603_1608Metric,118.1885,-149.549264,90.0,top
R77,100k,R_0603_1608Metric,118.1885,-145.739264,-90.0,top
R78,20k,R_0603_1608Metric,126.25,-152.529264,0.0,top
R79,100k,R_0603_1608Metric,123.85,-174.317264,180.0,top
R80,100k,R_0603_1608Metric,119.459,-165.517264,0.0,top
R81,510,R_0603_1608Metric,139.997,-85.7,0.0,top
R82,430,R_0603_1608Metric,135.497,-85.7,180.0,top
R83,0,R_0603_1608Metric,139.997,-83.7,180.0,top
R84,0,R_0603_1608Metric,135.497,-83.7,0.0,top
R85,100k,R_0603_1608Metric,133.747,-252.45,180.0,top
R86,100k,R_0603_1608Metric,133.825986,-228.568014,0.0,top
R87,2k,R_0603_1608Metric,141.28395,-240.930778,0.0,top
R88,470k,R_0603_1608Metric,132.575986,-235.7,0.0,top
R89,100k,R_0603_1608Metric,137.075986,-228.568014,0.0,top
R90,470k,R_0603_1608Metric,132.575986,-233.45,180.0,top
R91,10k,R_0603_1608Metric,142.946505,-46.063,-90.0,top
R92,100k,R_0603_1608Metric,137.247,-116.45,180.0,top
R93,10k,R_0603_1608Metric,133.4,-116.45,0.0,top
R94,100k,R_0603_1608Metric,142.4,-129.45,-90.0,top
R95,100k,R_0603_1608Metric,140.4,-129.45,90.0,top
R96,100k,R_0603_1608Metric,141.9,-189.7,90.0,top
R97,470k,R_0603_1608Metric,141.6,-175.6,90.0,top
R98,1k,R_0603_1608Metric,138.177505,-56.45,180.0,top
R99,100k,R_0603_1608Metric,136.65,-134.2,0.0,top
R100,ADJ,R_0603_1608Metric,141.6,-180.0,90.0,top
R101,100k,R_0603_1608Metric,132.346505,-63.95,90.0,top
R102,10k,R_0603_1608Metric,132.3385,-149.52,90.0,top
R103,100k,R_0603_1608Metric,132.3385,-145.71,-90.0,top
R104,20k,R_0603_1608Metric,140.4,-152.5,0.0,top
R105,100k,R_0603_1608Metric,138.0,-174.288,180.0,top
R106,100k,R_0603_1608Metric,133.609,-165.488,0.0,top
R107,510,R_0603_1608Metric,168.197,-85.700736,0.0,top
R108,430,R_0603_1608Metric,163.697,-85.700736,180.0,top
R109,0,R_0603_1608Metric,168.197,-83.700736,180.0,top
R110,0,R_0603_1608Metric,163.697,-83.700736,0.0,top
R111,100k,R_0603_1608Metric,161.947,-252.450736,180.0,top
R112,100k,R_0603_1608Metric,162.025986,-228.56875,0.0,top
R113,2k,R_0603_1608Metric,169.48395,-240.931514,0.0,top
R114,470k,R_0603_1608Metric,160.775986,-235.700736,0.0,top
R115,100k,R_0603_1608Metric,165.275986,-228.56875,0.0,top
R116,470k,R_0603_1608Metric,160.775986,-233.450736,180.0,top
R117,10k,R_0603_1608Metric,171.146505,-46.063736,-90.0,top
R118,100k,R_0603_1608Metric,165.447,-116.450736,180.0,top
R119,10k,R_0603_1608Metric,161.6,-116.450736,0.0,top
R120,100k,R_0603_1608Metric,170.6,-129.450736,-90.0,top
R121,100k,R_0603_1608Metric,168.6,-129.450736,90.0,top
R122,100k,R_0603_1608Metric,170.1,-189.700736,90.0,top
R123,470k,R_0603_1608Metric,169.8,-175.600736,90.0,top
R124,1k,R_0603_1608Metric,166.377505,-56.450736,180.0,top
R125,100k,R_0603_1608Metric,164.85,-134.200736,0.0,top
R126,ADJ,R_0603_1608Metric,169.8,-180.000736,90.0,top
R127,100k,R_0603_1608Metric,160.546505,-63.950736,90.0,top
R128,10k,R_0603_1608Metric,160.5385,-149.520736,90.0,top
R129,100k,R_0603_1608Metric,160.5385,-145.710736,-90.0,top
R130,20k,R_0603_1608Metric,168.6,-152.500736,0.0,top
R131,100k,R_0603_1608Metric,166.2,-174.288736,180.0,top
R132,100k,R_0603_1608Metric,161.809,-165.488736,0.0,top
R133,510,R_0603_1608Metric,154.097,-85.700736,0.0,top
R134,430,R_0603_1608Metric,149.597,-85.700736,180.0,top
R135,0,R_0603_1608Metric,154.097,-83.700736,180.0,top
R136,0,R_0603_1608Metric,149.597,-83.700736,0.0,top
R137,100k,R_0603_1608Metric,147.847,-252.450736,180.0,top
R138,100k,R_0603_1608Metric,147.925986,-228.56875,0.0,top
R139,2k,R_0603_1608Metric,155.38395,-240.931514,0.0,top
R140,470k,R_0603_1608Metric,146.675986,-235.700736,0.0,top
R141,100k,R_0603_1608Metric,151.175986,-228.56875,0.0,top
R142,470k,R_0603_1608Metric,146.675986,-233.450736,180.0,top
R143,10k,R_0603_1608Metric,157.046505,-46.063736,-90.0,top
R144,100k,R_0603_1608Metric,151.347,-116.450736,180.0,top
R145,10k,R_0603_1608Metric,147.5,-116.450736,0.0,top
R146,100k,R_0603_1608Metric,156.5,-129.450736,-90.0,top
R147,100k,R_0603_1608Metric,154.5,-129.450736,90.0,top
R148,100k,R_0603_1608Metric,156.0,-189.700736,90.0,top
R149,470k,R_0603_1608Metric,155.7,-175.600736,90.0,top
R150,1k,R_0603_1608Metric,152.277505,-56.450736,180.0,top
R151,100k,R_0603_1608Metric,150.75,-134.200736,0.0,top
R152,ADJ,R_0603_1608Metric,155.7,-180.000736,90.0,top
R153,100k,R_0603_1608Metric,146.446505,-63.950736,90.0,top
R154,10k,R_0603_1608Metric,146.4385,-149.520736,90.0,top
R155,100k,R_0603_1608Metric,146.4385,-145.710736,-90.0,top
R156,20k,R_0603_1608Metric,154.5,-152.500736,0.0,top
R157,100k,R_0603_1608Metric,152.1,-174.288736,180.0,top
R158,100k,R_0603_1608Metric,147.709,-165.488736,0.0,top
R159,510,R_0603_1608Metric,182.297,-85.700736,0.0,top
R160,430,R_0603_1608Metric,177.797,-85.700736,180.0,top
R161,0,R_0603_1608Metric,182.297,-83.700736,180.0,top
R162,0,R_0603_1608Metric,177.797,-83.700736,0.0,top
R163,100k,R_0603_1608Metric,176.047,-252.450736,180.0,top
R164,100k,R_0603_1608Metric,176.125986,-228.56875,0.0,top
R165,2k,R_0603_1608Metric,183.58395,-240.931514,0.0,top
R166,470k,R_0603_1608Metric,174.875986,-235.700736,0.0,top
R167,100k,R_0603_1608Metric,179.375986,-228.56875,0.0,top
R168,470k,R_0603_1608Metric,174.875986,-233.450736,180.0,top
R169,10k,R_0603_1608Metric,185.246505,-46.063736,-90.0,top
R170,100k,R_0603_1608Metric,179.547,-116.450736,180.0,top
R171,10k,R_0603_1608Metric,175.7,-116.450736,0.0,top
R172,100k,R_0603_1608Metric,184.7,-129.450736,-90.0,top
R173,100k,R_0603_1608Metric,182.7,-129.450736,90.0,top
R174,100k,R_0603_1608Metric,184.2,-189.700736,90.0,top
R175,470k,R_0603_1608Metric,183.9,-175.600736,90.0,top
R176,1k,R_0603_1608Metric,180.477505,-56.450736,180.0,top
R177,100k,R_0603_1608Metric,178.95,-134.200736,0.0,top
R178,ADJ,R_0603_1608Metric,183.9,-180.000736,90.0,top
R179,100k,R_0603_1608Metric,174.646505,-63.950736,90.0,top
R180,10k,R_0603_1608Metric,174.6385,-149.520736,90.0,top
R181,100k,R_0603_1608Metric,174.6385,-145.710736,-90.0,top
R182,20k,R_0603_1608Metric,182.7,-152.500736,0.0,top
R183,100k,R_0603_1608Metric,180.3,-174.288736,180.0,top
R184,100k,R_0603_1608Metric,175.909,-165.488736,0.0,top
R185,510,R_0603_1608Metric,196.346999,-85.700736,0.0,top
R186,430,R_0603_1608Metric,191.846999,-85.700736,180.0,top
R187,0,R_0603_1608Metric,196.346999,-83.700736,180.0,top
R188,0,R_0603_1608Metric,191.846999,-83.700736,0.0,top
R189,100k,R_0603_1608Metric,190.097,-252.450736,180.0,top
R190,100k,R_0603_1608Metric,190.175986,-228.56875,0.0,top
R191,2k,R_0603_1608Metric,197.63395,-240.931514,0.0,top
R192,470k,R_0603_1608Metric,188.925986,-235.700736,0.0,top
R193,100k,R_0603_1608Metric,193.425986,-228.56875,0.0,top
R194,470k,R_0603_1608Metric,188.925986,-233.450736,180.0,top
R195,10k,R_0603_1608Metric,199.296504,-46.063736,-90.0,top
R196,100k,R_0603_1608Metric,193.597,-116.450736,180.0,top
R197,10k,R_0603_1608Metric,189.75,-116.450736,0.0,top
R198,100k,R_0603_1608Metric,198.75,-129.450736,-90.0,top
R199,100k,R_0603_1608Metric,196.75,-129.450736,90.0,top
R200,100k,R_0603_1608Metric,198.25,-189.700736,90.0,top
R201,470k,R_0603_1608Metric,197.95,-175.600736,90.0,top
R202,1k,R_0603_1608Metric,194.527504,-56.450736,180.0,top
R203,100k,R_0603_1608Metric,193.0,-134.200736,0.0,top
R204,ADJ,R_0603_1608Metric,197.95,-180.000736,90.0,top
R205,100k,R_0603_1608Metric,188.696504,-63.950736,90.0,top
R206,10k,R_0603_1608Metric,188.6885,-149.520736,90.0,top
R207,100k,R_0603_1608Metric,188.6885,-145.710736,-90.0,top
R208,20k,R_0603_1608Metric,196.75,-152.500736,0.0,top
R209,100k,R_0603_1608Metric,194.35,-174.288736,180.0,top
R210,100k,R_0603_1608Metric,189.959,-165.488736,0.0,top
R211,510,R_0603_1608Metric,210.447,-85.700736,0.0,top
R212,430,R_0603_1608Metric,205.947,-85.700736,180.0,top
R213,0,R_0603_1608Metric,210.447,-83.700736,180.0,top
R214,0,R_0603_1608Metric,205.947,-83.700736,0.0,top
R215,100k,R_0603_1608Metric,204.197,-252.450736,180.0,top
R216,100k,R_0603_1608Metric,204.275986,-228.56875,0.0,top
R217,2k,R_0603_1608Metric,211.73395,-240.931514,0.0,top
R218,470k,R_0603_1608Metric,203.025986,-235.700736,0.0,top
R219,100k,R_0603_1608Metric,207.525986,-228.56875,0.0,top
R220,470k,R_0603_1608Metric,203.025986,-233.450736,180.0,top
R221,10k,R_0603_1608Metric,213.396505,-46.063736,-90.0,top
R222,100k,R_0603_1608Metric,207.697,-116.450736,180.0,top
R223,10k,R_0603_1608Metric,203.85,-116.450736,0.0,top
R224,100k,R_0603_1608Metric,212.85,-129.450736,-90.0,top
R225,100k,R_0603_1608Metric,210.85,-129.450736,90.0,top
R226,100k,R_0603_1608Metric,212.35,-189.700736,90.0,top
R227,470k,R_0603_1608Metric,212.05,-175.600736,90.0,top
R228,1k,R_0603_1608Metric,208.627505,-56.450736,180.0,top
R229,100k,R_0603_1608Metric,207.1,-134.200736,0.0,top
R230,ADJ,R_0603_1608Metric,212.05,-180.000736,90.0,top
R231,100k,R_0603_1608Metric,202.796505,-63.950736,90.0,top
R232,10k,R_0603_1608Metric,202.7885,-149.520736,90.0,top
R233,100k,R_0603_1608Metric,202.7885,-145.710736,-90.0,top
R234,20k,R_0603_1608Metric,210.85,-152.500736,0.0,top
R235,100k,R_0603_1608Metric,208.45,-174.288736,180.0,top
R236,100k,R_0603_1608Metric,204.059,-165.488736,0.0,top
R237,510,R_0603_1608Metric,224.547,-85.700736,0.0,top
R238,430,R_0603_1608Metric,220.047,-85.700736,180.0,top
R239,0,R_0603_1608Metric,224.547,-83.700736,180.0,top
R240,0,R_0603_1608Metric,220.047,-83.700736,0.0,top
R241,100k,R_0603_1608Metric,218.297,-252.450736,180.0,top
R242,100k,R_0603_1608Metric,218.375986,-228.56875,0.0,top
R243,2k,R_0603_1608Metric,225.83395,-240.931514,0.0,top
R244,470k,R_0603_1608Metric,217.125986,-235.700736,0.0,top
R245,100k,R_0603_1608Metric,221.625986,-228.56875,0.0,top
R246,470k,R_0603_1608Metric,217.125986,-233.450736,180.0,top
R247,10k,R_0603_1608Metric,227.496505,-46.063736,-90.0,top
R248,100k,R_0603_1608Metric,221.797,-116.450736,180.0,top
R249,10k,R_0603_1608Metric,217.95,-116.450736,0.0,top
R250,100k,R_0603_1608Metric,226.95,-129.450736,-90.0,top
R251,100k,R_0603_1608Metric,224.95,-129.450736,90.0,top
R252,100k,R_0603_1608Metric,226.45,-189.700736,90.0,top
R253,470k,R_0603_1608Metric,226.15,-175.600736,90.0,top
R254,1k,R_0603_1608Metric,222.727505,-56.450736,180.0,top
R255,100k,R_0603_1608Metric,221.2,-134.200736,0.0,top
R256,ADJ,R_0603_1608Metric,226.15,-180.000736,90.0,top
R257,100k,R_0603_1608Metric,216.896505,-63.950736,90.0,top
R258,10k,R_0603_1608Metric,216.8885,-149.520736,90.0,top
R259,100k,R_0603_1608Metric,216.8885,-145.710736,-90.0,top
R260,20k,R_0603_1608Metric,224.95,-152.500736,0.0,top
R261,100k,R_0603_1608Metric,222.55,-174.288736,180.0,top
R262,100k,R_0603_1608Metric,218.159,-165.488736,0.0,top
R263,510,R_0603_1608Metric,238.647,-85.750736,0.0,top
R264,430,R_0603_1608Metric,234.147,-85.750736,180.0,top
R265,0,R_0603_1608Metric,238.647,-83.750736,180.0,top
R266,0,R_0603_1608Metric,234.147,-83.750736,0.0,top
R267,100k,R_0603_1608Metric,232.397,-252.500736,180.0,top
R268,100k,R_0603_1608Metric,232.475986,-228.61875,0.0,top
R269,2k,R_0603_1608Metric,239.93395,-240.981514,0.0,top
R270,470k,R_0603_1608Metric,231.225986,-235.750736,0.0,top
R271,100k,R_0603_1608Metric,235.725986,-228.61875,0.0,top
R272,470k,R_0603_1608Metric,231.225986,-233.500736,180.0,top
R273,10k,R_0603_1608Metric,241.596505,-46.113736,-90.0,top
R274,100k,R_0603_1608Metric,235.897,-116.500736,180.0,top
R275,10k,R_0603_1608Metric,232.05,-116.500736,0.0,top
R276,100k,R_0603_1608Metric,241.05,-129.500736,-90.0,top
R277,100k,R_0603_1608Metric,239.05,-129.500736,90.0,top
R278,100k,R_0603_1608Metric,240.55,-189.750736,90.0,top
R279,470k,R_0603_1608Metric,240.25,-175.650736,90.0,top
R280,1k,R_0603_1608Metric,236.827505,-56.500736,180.0,top
R281,100k,R_0603_1608Metric,235.3,-134.250736,0.0,top
R282,ADJ,R_0603_1608Metric,240.25,-180.050736,90.0,top
R283,100k,R_0603_1608Metric,230.996505,-64.000736,90.0,top
R284,10k,R_0603_1608Metric,230.9885,-149.570736,90.0,top
R285,100k,R_0603_1608Metric,230.9885,-145.760736,-90.0,top
R286,20k,R_0603_1608Metric,239.05,-152.550736,0.0,top
R287,100k,R_0603_1608Metric,236.65,-174.338736,180.0,top
R288,100k,R_0603_1608Metric,232.259,-165.538736,0.0,top
R289,510,R_0603_1608Metric,252.747,-85.75,0.0,top
R290,430,R_0603_1608Metric,248.247,-85.75,180.0,top
R291,0,R_0603_1608Metric,252.747,-83.75,180.0,top
R292,0,R_0603_1608Metric,248.247,-83.75,0.0,top
R293,100k,R_0603_1608Metric,246.497,-252.5,180.0,top
R294,100k,R_0603_1608Metric,246.575986,-228.618014,0.0,top
R295,2k,R_0603_1608Metric,254.03395,-240.980778,0.0,top
R296,470k,R_0603_1608Metric,245.325986,-235.75,0.0,top
R297,100k,R_0603_1608Metric,249.825986,-228.618014,0.0,top
R298,470k,R_0603_1608Metric,245.325986,-233.5,180.0,top
R299,10k,R_0603_1608Metric,255.696505,-46.113,-90.0,top
R300,100k,R_0603_1608Metric,249.997,-116.5,180.0,top
R301,10k,R_0603_1608Metric,246.15,-116.5,0.0,top
R302,100k,R_0603_1608Metric,255.15,-129.5,-90.0,top
R303,100k,R_0603_1608Metric,253.15,-129.5,90.0,top
R304,100k,R_0603_1608Metric,254.65,-189.75,90.0,top
R305,470k,R_0603_1608Metric,254.35,-175.65,90.0,top
R306,1k,R_0603_1608Metric,250.927505,-56.5,180.0,top
R307,100k,R_0603_1608Metric,249.4,-134.25,0.0,top
R308,ADJ,R_0603_1608Metric,254.35,-180.05,90.0,top
R309,100k,R_0603_1608Metric,245.096505,-64.0,90.0,top
R310,10k,R_0603_1608Metric,245.0885,-149.57,90.0,top
R311,100k,R_0603_1608Metric,245.0885,-145.76,-90.0,top
R312,20k,R_0603_1608Metric,253.15,-152.55,0.0,top
R313,100k,R_0603_1608Metric,250.75,-174.338,180.0,top
R314,100k,R_0603_1608Metric,246.359,-165.538,0.0,top
R315,100k,R_0603_1608Metric,126.25,-129.479264,90.0,top
R316,10k,R_0603_1608Metric,135.014001,-268.48125,-90.0,top
R317,10k,R_0603_1608Metric,127.414,-267.54825,0.0,top
R318,10k,R_0603_1608Metric,143.4885,-279.1845,-90.0,top
R319,10k,R_0603_1608Metric,163.178,-268.5105,-90.0,top
R320,10k,R_0603_1608Metric,155.578,-267.5775,0.0,top
R321,10k,R_0603_1608Metric,171.6385,-279.2345,-90.0,top
R322,10k,R_0603_1608Metric,191.469173,-268.502529,-90.0,top
R323,10k,R_0603_1608Metric,183.869173,-267.569529,0.0,top
R324,10k,R_0603_1608Metric,199.969173,-279.0845,-90.0,top
R325,10k,R_0603_1608Metric,219.628,-268.5105,-90.0,top
R326,10k,R_0603_1608Metric,212.028,-267.5775,0.0,top
R327,10k,R_0603_1608Metric,228.0885,-279.1345,-90.0,top
R328,10k,R_0603_1608Metric,247.778,-268.5105,-90.0,top
R329,10k,R_0603_1608Metric,240.178,-267.5775,0.0,top
R330,10k,R_0603_1608Metric,256.2385,-279.0845,-90.0,top
R331,510,R_0603_1608Metric,77.5,-218.7,90.0,top
R332,510,R_0603_1608Metric,77.5,-234.9,90.0,top
R333,120,R_0603_1608Metric,77.2,-277.4,90.0,top
RV1,100k,Potentiometer_Bourns_3314G_Vertical,91.0135,-57.7345,180.0,top
RV2,20k,Potentiometer_Bourns_3314G_Vertical,92.9605,-121.4845,90.0,top
RV3,100k,Potentiometer_Bourns_3314G_Vertical,93.4605,-156.3225,-90.0,top
RV4,50k,Potentiometer_Bourns_3314G_Vertical,92.1135,-180.7225,0.0,top
RV5,100k,Potentiometer_Bourns_PTV09A-1_Single_Vertical,95.2135,-201.3225,90.0,top
RV6,100k,Potentiometer_Bourns_3314G_Vertical,92.3635,-243.4845,0.0,top
RV7,100k,Potentiometer_Bourns_3314G_Vertical,106.4135,-243.4845,0.0,top
RV8,100k,Potentiometer_Bourns_3314G_Vertical,105.0635,-57.7345,180.0,top
RV9,20k,Potentiometer_Bourns_3314G_Vertical,107.0105,-121.4845,90.0,top
RV10,100k,Potentiometer_Bourns_PTV09A-1_Single_Vertical,109.2635,-201.3225,90.0,top
RV11,50k,Potentiometer_Bourns_3314G_Vertical,106.1635,-180.7225,0.0,top
RV12,100k,Potentiometer_Bourns_3314G_Vertical,107.5105,-156.3225,-90.0,top
RV13,100k,Potentiometer_Bourns_3314G_Vertical,120.5,-243.479264,0.0,top
RV14,100k,Potentiometer_Bourns_3314G_Vertical,119.15,-57.729264,180.0,top
RV15,20k,Potentiometer_Bourns_3314G_Vertical,121.097,-121.479264,90.0,top
RV16,100k,Potentiometer_Bourns_PTV09A-1_Single_Vertical,123.35,-201.317264,90.0,top
RV17,50k,Potentiometer_Bourns_3314G_Vertical,120.25,-180.717264,0.0,top
RV18,100k,Potentiometer_Bourns_3314G_Vertical,121.597,-156.317264,-90.0,top
RV19,100k,Potentiometer_Bourns_3314G_Vertical,134.65,-243.45,0.0,top
RV20,100k,Potentiometer_Bourns_3314G_Vertical,133.3,-57.7,180.0,top
RV21,20k,Potentiometer_Bourns_3314G_Vertical,135.247,-121.45,90.0,top
RV22,100k,Potentiometer_Bourns_PTV09A-1_Single_Vertical,137.5,-201.288,90.0,top
RV23,50k,Potentiometer_Bourns_3314G_Vertical,134.4,-180.688,0.0,top
RV24,100k,Potentiometer_Bourns_3314G_Vertical,135.747,-156.288,-90.0,top
RV25,100k,Potentiometer_Bourns_3314G_Vertical,162.85,-243.450736,0.0,top
RV26,100k,Potentiometer_Bourns_3314G_Vertical,161.5,-57.700736,180.0,top
RV27,20k,Potentiometer_Bourns_3314G_Vertical,163.447,-121.450736,90.0,top
RV28,100k,Potentiometer_Bourns_PTV09A-1_Single_Vertical,165.7,-201.288736,90.0,top
RV29,50k,Potentiometer_Bourns_3314G_Vertical,162.6,-180.688736,0.0,top
RV30,100k,Potentiometer_Bourns_3314G_Vertical,163.947,-156.288736,-90.0,top
RV31,100k,Potentiometer_Bourns_3314G_Vertical,148.75,-243.450736,0.0,top
RV32,100k,Potentiometer_Bourns_3314G_Vertical,147.4,-57.700736,180.0,top
RV33,20k,Potentiometer_Bourns_3314G_Vertical,149.347,-121.450736,90.0,top
RV34,100k,Potentiometer_Bourns_PTV09A-1_Single_Vertical,151.6,-201.288736,90.0,top
RV35,50k,Potentiometer_Bourns_3314G_Vertical,148.5,-180.688736,0.0,top
RV36,100k,Potentiometer_Bourns_3314G_Vertical,149.847,-156.288736,-90.0,top
RV37,100k,Potentiometer_Bourns_3314G_Vertical,176.95,-243.450736,0.0,top
RV38,100k,Potentiometer_Bourns_3314G_Vertical,175.6,-57.700736,180.0,top
RV39,20k,Potentiometer_Bourns_3314G_Vertical,177.547,-121.450736,90.0,top
RV40,100k,Potentiometer_Bourns_PTV09A-1_Single_Vertical,179.8,-201.288736,90.0,top
RV41,50k,Potentiometer_Bourns_3314G_Vertical,176.7,-180.688736,0.0,top
RV42,100k,Potentiometer_Bourns_3314G_Vertical,178.047,-156.288736,-90.0,top
RV43,100k,Potentiometer_Bourns_3314G_Vertical,191.0,-243.450736,0.0,top
RV44,100k,Potentiometer_Bourns_3314G_Vertical,189.649999,-57.700736,180.0,top
RV45,20k,Potentiometer_Bourns_3314G_Vertical,191.597,-121.450736,90.0,top
RV46,100k,Potentiometer_Bourns_PTV09A-1_Single_Vertical,193.85,-201.288736,90.0,top
RV47,50k,Potentiometer_Bourns_3314G_Vertical,190.75,-180.688736,0.0,top
RV48,100k,Potentiometer_Bourns_3314G_Vertical,192.097,-156.288736,-90.0,top
RV49,100k,Potentiometer_Bourns_3314G_Vertical,205.1,-243.450736,0.0,top
RV50,100k,Potentiometer_Bourns_3314G_Vertical,203.75,-57.700736,180.0,top
RV51,20k,Potentiometer_Bourns_3314G_Vertical,205.697,-121.450736,90.0,top
RV52,100k,Potentiometer_Bourns_PTV09A-1_Single_Vertical,207.95,-201.288736,90.0,top
RV53,50k,Potentiometer_Bourns_3314G_Vertical,204.85,-180.688736,0.0,top
RV54,100k,Potentiometer_Bourns_3314G_Vertical,206.197,-156.288736,-90.0,top
RV55,100k,Potentiometer_Bourns_3314G_Vertical,219.2,-243.450736,0.0,top
RV56,100k,Potentiometer_Bourns_3314G_Vertical,217.85,-57.700736,180.0,top
RV57,20k,Potentiometer_Bourns_3314G_Vertical,219.797,-121.450736,90.0,top
RV58,100k,Potentiometer_Bourns_PTV09A-1_Single_Vertical,222.05,-201.288736,90.0,top
RV59,50k,Potentiometer_Bourns_3314G_Vertical,218.95,-180.688736,0.0,top
RV60,100k,Potentiometer_Bourns_3314G_Vertical,220.297,-156.288736,-90.0,top
RV61,100k,Potentiometer_Bourns_3314G_Vertical,233.3,-243.500736,0.0,top
RV62,100k,Potentiometer_Bourns_3314G_Vertical,231.95,-57.750736,180.0,top
RV63,20k,Potentiometer_Bourns_3314G_Vertical,233.897,-121.500736,90.0,top
RV64,100k,Potentiometer_Bourns_PTV09A-1_Single_Vertical,236.15,-201.338736,90.0,top
RV65,50k,Potentiometer_Bourns_3314G_Vertical,233.05,-180.738736,0.0,top
RV66,100k,Potentiometer_Bourns_3314G_Vertical,234.397,-156.338736,-90.0,top
RV67,100k,Potentiometer_Bourns_3314G_Vertical,247.4,-243.5,0.0,top
RV68,100k,Potentiometer_Bourns_3314G_Vertical,246.05,-57.75,180.0,top
RV69,20k,Potentiometer_Bourns_3314G_Vertical,247.997,-121.5,90.0,top
RV70,100k,Potentiometer_Bourns_PTV09A-1_Single_Vertical,250.25,-201.338,90.0,top
RV71,50k,Potentiometer_Bourns_3314G_Vertical,247.15,-180.738,0.0,top
RV72,100k,Potentiometer_Bourns_3314G_Vertical,248.497,-156.338,-90.0,top
SW1,SW_SPDT,SW_submini_SPST,109.2605,-110.7345,-90.0,top
SW2,SW_SPDT,SW_submini_SPST,94.3135,-189.7345,-90.0,top
SW3,SW_SPDT,SW_submini_SPST,95.2105,-110.7345,-90.0,top
SW4,SW_DPDT_x2,SW_standard_DPDT_MTS,95.2105,-75.4845,180.0,top
SW5,SW_DPDT_x2,SW_standard_DPDT_MTS,109.2605,-296.007,0.0,top
SW6,SW_DPDT_x2,SW_standard_DPDT_MTS,95.1135,-295.9845,0.0,top
SW7,SW_SPDT,SW_submini_SPST,108.3635,-189.7345,-90.0,top
SW8,SW_SPDT,SW_submini_SPST,98.2105,-256.7345,0.0,top
SW9,SW_SPDT,SW_submini_SPST,112.2605,-256.7345,0.0,top
SW10,SW_SPDT,SW_submini_SPST,123.347,-110.729264,-90.0,top
SW11,SW_SPDT,SW_submini_SPST,122.45,-189.729264,-90.0,top
SW12,SW_SPDT,SW_submini_SPST,126.347,-256.729264,0.0,top
SW13,SW_SPDT,SW_submini_SPST,137.497,-110.7,-90.0,top
SW14,SW_DPDT_x2,SW_standard_DPDT_MTS,109.2605,-75.4845,180.0,top
SW15,SW_SPDT,SW_submini_SPST,136.6,-189.7,-90.0,top
SW16,SW_SPDT,SW_submini_SPST,140.497,-256.7,0.0,top
SW17,SW_SPDT,SW_submini_SPST,165.697,-110.700736,-90.0,top
SW18,SW_SPDT,SW_submini_SPST,164.8,-189.700736,-90.0,top
SW19,SW_SPDT,SW_submini_SPST,168.697,-256.700736,0.0,top
SW20,SW_SPDT,SW_submini_SPST,151.597,-110.700736,-90.0,top
SW21,SW_SPDT,SW_submini_SPST,150.7,-189.700736,-90.0,top
SW22,SW_SPDT,SW_submini_SPST,154.597,-256.700736,0.0,top
SW23,SW_SPDT,SW_submini_SPST,179.797,-110.700736,-90.0,top
SW24,SW_DPDT_x2,SW_standard_DPDT_MTS,123.347,-75.479264,180.0,top
SW25,SW_SPDT,SW_submini_SPST,178.9,-189.700736,-90.0,top
SW26,SW_SPDT,SW_submini_SPST,182.797,-256.700736,0.0,top
SW27,SW_SPDT,SW_submini_SPST,193.847,-110.700736,-90.0,top
SW28,SW_SPDT,SW_submini_SPST,192.95,-189.700736,-90.0,top
SW29,SW_SPDT,SW_submini_SPST,196.847,-256.700736,0.0,top
SW30,SW_SPDT,SW_submini_SPST,207.947,-110.700736,-90.0,top
SW31,SW_SPDT,SW_submini_SPST,207.05,-189.700736,-90.0,top
SW32,SW_SPDT,SW_submini_SPST,210.947,-256.700736,0.0,top
SW33,SW_SPDT,SW_submini_SPST,222.047,-110.700736,-90.0,top
SW34,SW_DPDT_x2,SW_standard_DPDT_MTS,137.497,-75.45,180.0,top
SW35,SW_SPDT,SW_submini_SPST,221.15,-189.700736,-90.0,top
SW36,SW_SPDT,SW_submini_SPST,225.047,-256.700736,0.0,top
SW37,SW_SPDT,SW_submini_SPST,236.147,-110.750736,-90.0,top
SW38,SW_SPDT,SW_submini_SPST,235.25,-189.750736,-90.0,top
SW39,SW_SPDT,SW_submini_SPST,239.147,-256.750736,0.0,top
SW40,SW_SPDT,SW_submini_SPST,250.247,-110.75,-90.0,top
SW41,SW_SPDT,SW_submini_SPST,249.35,-189.75,-90.0,top
SW42,SW_SPDT,SW_submini_SPST,253.247,-256.75,0.0,top
SW44,SW_DPDT_x2,SW_standard_DPDT_MTS,165.697,-75.450736,180.0,top
SW54,SW_DPDT_x2,SW_standard_DPDT_MTS,151.597,-75.450736,180.0,top
SW64,SW_DPDT_x2,SW_standard_DPDT_MTS,179.797,-75.450736,180.0,top
SW74,SW_DPDT_x2,SW_standard_DPDT_MTS,193.846999,-75.450736,180.0,top
SW84,SW_DPDT_x2,SW_standard_DPDT_MTS,207.947,-75.450736,180.0,top
SW94,SW_DPDT_x2,SW_standard_DPDT_MTS,222.047,-75.450736,180.0,top
SW104,SW_DPDT_x2,SW_standard_DPDT_MTS,236.147,-75.500736,180.0,top
SW105,SW_DPDT_x2,SW_standard_DPDT_MTS,137.486,-296.02075,0.0,top
SW106,SW_DPDT_x2,SW_standard_DPDT_MTS,123.339,-295.99825,0.0,top
SW114,SW_DPDT_x2,SW_standard_DPDT_MTS,250.247,-75.5,180.0,top
SW205,SW_DPDT_x2,SW_standard_DPDT_MTS,165.65,-296.05,0.0,top
SW206,SW_DPDT_x2,SW_standard_DPDT_MTS,151.503,-296.0275,0.0,top
SW305,SW_DPDT_x2,SW_standard_DPDT_MTS,193.941173,-296.042029,0.0,top
SW306,SW_DPDT_x2,SW_standard_DPDT_MTS,179.794173,-296.019529,0.0,top
SW405,SW_DPDT_x2,SW_standard_DPDT_MTS,222.1,-296.05,0.0,top
SW406,SW_DPDT_x2,SW_standard_DPDT_MTS,207.953,-296.0275,0.0,top
SW505,SW_DPDT_x2,SW_standard_DPDT_MTS,250.25,-296.05,0.0,top
SW506,SW_DPDT_x2,SW_standard_DPDT_MTS,236.103,-296.0275,0.0,top
U1,NE5532,SOP-8_3.76x4.96mm_P1.27mm,97.810005,-60.9845,0.0,top
U2,NE5532,SOP-8_3.76x4.96mm_P1.27mm,93.3635,-129.3895,0.0,top
U3,NE5532,SOP-8_3.76x4.96mm_P1.27mm,95.3135,-147.0345,0.0,top
U4,NE5532,SOP-8_3.76x4.96mm_P1.27mm,93.75,-169.8685,0.0,top
U5,NE5532,SOP-8_3.76x4.96mm_P1.27mm,96.2105,-232.852514,0.0,top
U7,PAM8406D,SOP-16_3.9x9.9mm_P1.27mm,101.4885,-274.3675,180.0,top
U11,NE5532,SOP-8_3.76x4.96mm_P1.27mm,111.860005,-60.9845,0.0,top
U12,NE5532,SOP-8_3.76x4.96mm_P1.27mm,107.4135,-129.3895,0.0,top
U13,NE5532,SOP-8_3.76x4.96mm_P1.27mm,109.3635,-147.0345,0.0,top
U14,NE5532,SOP-8_3.76x4.96mm_P1.27mm,108.1135,-169.8685,0.0,top
U15,NE5532,SOP-8_3.76x4.96mm_P1.27mm,110.2605,-232.852514,0.0,top
U17,PAM8406D,SOP-16_3.9x9.9mm_P1.27mm,129.714,-274.38125,180.0,top
U21,NE5532,SOP-8_3.76x4.96mm_P1.27mm,125.946505,-60.979264,0.0,top
U22,NE5532,SOP-8_3.76x4.96mm_P1.27mm,121.5,-129.384264,0.0,top
U23,NE5532,SOP-8_3.76x4.96mm_P1.27mm,123.45,-147.029264,0.0,top
U24,NE5532,SOP-8_3.76x4.96mm_P1.27mm,122.2,-169.863264,0.0,top
U25,NE5532,SOP-8_3.76x4.96mm_P1.27mm,124.347,-232.847278,0.0,top
U27,PAM8406D,SOP-16_3.9x9.9mm_P1.27mm,157.878,-274.4105,180.0,top
U31,NE5532,SOP-8_3.76x4.96mm_P1.27mm,140.096505,-60.95,0.0,top
U32,NE5532,SOP-8_3.76x4.96mm_P1.27mm,135.65,-129.355,0.0,top
U33,NE5532,SOP-8_3.76x4.96mm_P1.27mm,137.6,-147.0,0.0,top
U34,NE5532,SOP-8_3.76x4.96mm_P1.27mm,136.35,-169.834,0.0,top
U35,NE5532,SOP-8_3.76x4.96mm_P1.27mm,138.497,-232.818014,0.0,top
U41,NE5532,SOP-8_3.76x4.96mm_P1.27mm,168.296505,-60.950736,0.0,top
U42,NE5532,SOP-8_3.76x4.96mm_P1.27mm,163.85,-129.355736,0.0,top
U43,NE5532,SOP-8_3.76x4.96mm_P1.27mm,165.8,-147.000736,0.0,top
U44,NE5532,SOP-8_3.76x4.96mm_P1.27mm,164.55,-169.834736,0.0,top
U45,NE5532,SOP-8_3.76x4.96mm_P1.27mm,166.697,-232.81875,0.0,top
U51,NE5532,SOP-8_3.76x4.96mm_P1.27mm,154.196505,-60.950736,0.0,top
U52,NE5532,SOP-8_3.76x4.96mm_P1.27mm,149.75,-129.355736,0.0,top
U53,NE5532,SOP-8_3.76x4.96mm_P1.27mm,151.7,-147.000736,0.0,top
U54,NE5532,SOP-8_3.76x4.96mm_P1.27mm,150.45,-169.834736,0.0,top
U55,NE5532,SOP-8_3.76x4.96mm_P1.27mm,152.597,-232.81875,0.0,top
U61,NE5532,SOP-8_3.76x4.96mm_P1.27mm,182.396505,-60.950736,0.0,top
U62,NE5532,SOP-8_3.76x4.96mm_P1.27mm,177.95,-129.355736,0.0,top
U63,NE5532,SOP-8_3.76x4.96mm_P1.27mm,179.9,-147.000736,0.0,top
U64,NE5532,SOP-8_3.76x4.96mm_P1.27mm,178.605,-169.8,0.0,top
U65,NE5532,SOP-8_3.76x4.96mm_P1.27mm,180.797,-232.81875,0.0,top
U71,NE5532,SOP-8_3.76x4.96mm_P1.27mm,196.446504,-60.950736,0.0,top
U72,NE5532,SOP-8_3.76x4.96mm_P1.27mm,192.0,-129.355736,0.0,top
U73,NE5532,SOP-8_3.76x4.96mm_P1.27mm,193.95,-147.000736,0.0,top
U74,NE5532,SOP-8_3.76x4.96mm_P1.27mm,192.7,-169.834736,0.0,top
U75,NE5532,SOP-8_3.76x4.96mm_P1.27mm,194.847,-232.81875,0.0,top
U81,NE5532,SOP-8_3.76x4.96mm_P1.27mm,210.546505,-60.950736,0.0,top
U82,NE5532,SOP-8_3.76x4.96mm_P1.27mm,206.1,-129.355736,0.0,top
U83,NE5532,SOP-8_3.76x4.96mm_P1.27mm,208.05,-147.000736,0.0,top
U84,NE5532,SOP-8_3.76x4.96mm_P1.27mm,206.8,-169.834736,0.0,top
U85,NE5532,SOP-8_3.76x4.96mm_P1.27mm,208.947,-232.81875,0.0,top
U91,NE5532,SOP-8_3.76x4.96mm_P1.27mm,224.646505,-60.950736,0.0,top
U92,NE5532,SOP-8_3.76x4.96mm_P1.27mm,220.2,-129.355736,0.0,top
U93,NE5532,SOP-8_3.76x4.96mm_P1.27mm,222.15,-147.000736,0.0,top
U94,NE5532,SOP-8_3.76x4.96mm_P1.27mm,220.9,-169.834736,0.0,top
U95,NE5532,SOP-8_3.76x4.96mm_P1.27mm,223.047,-232.81875,0.0,top
U101,NE5532,SOP-8_3.76x4.96mm_P1.27mm,238.746505,-61.000736,0.0,top
U102,NE5532,SOP-8_3.76x4.96mm_P1.27mm,234.3,-129.405736,0.0,top
U103,NE5532,SOP-8_3.76x4.96mm_P1.27mm,236.25,-147.050736,0.0,top
U104,NE5532,SOP-8_3.76x4.96mm_P1.27mm,235.0,-169.884736,0.0,top
U105,NE5532,SOP-8_3.76x4.96mm_P1.27mm,237.147,-232.86875,0.0,top
U111,NE5532,SOP-8_3.76x4.96mm_P1.27mm,252.846505,-61.0,0.0,top
U112,NE5532,SOP-8_3.76x4.96mm_P1.27mm,248.4,-129.405,0.0,top
U113,NE5532,SOP-8_3.76x4.96mm_P1.27mm,250.35,-147.05,0.0,top
U114,NE5532,SOP-8_3.76x4.96mm_P1.27mm,249.1,-169.884,0.0,top
U115,NE5532,SOP-8_3.76x4.96mm_P1.27mm,251.247,-232.868014,0.0,top
U307,PAM8406D,SOP-16_3.9x9.9mm_P1.27mm,186.169173,-274.402529,180.0,top
U407,PAM8406D,SOP-16_3.9x9.9mm_P1.27mm,214.328,-274.4105,180.0,top
U507,PAM8406D,SOP-16_3.9x9.9mm_P1.27mm,242.478,-274.4105,180.0,top
