Comment,Designator,Footprint,LCSC
Conn_01x03_Male,"J17,J20,J23,J26,J29,J3,J32,J35,J38,J41,J44,J47",JST_XH_S3B-XH-A_1x03_P2.50mm_Horizontal,C157928
220u,"CU11,CU12,CU123,CU124,CU125,CU126,CU127,CU128,CU129,CU130,CU131,CU132",C_Elec_6.3x5.8,C497579
1N4148W,"D1,D10,D100,D101,D102,D103,D104,D105,D106,D107,D108,D11,D110,D111,D112,D113,D114,D115,D116,D117,D118,D119,D120,D122,D123,D124,D125,D126,D127,D128,D129,D130,D131,D132,D134,D135,D136,D137,D138,D139,D14,D140,D141,D142,D143,D144,D15,D16,D17,D18,D19,D2,D20,D21,D22,D23,D24,D26,D27,D28,D29,D3,D30,D31,D32,D33,D34,D35,D36,D38,D39,D4,D40,D41,D42,D43,D44,D45,D46,D47,D48,D5,D50,D51,D52,D53,D54,D55,D56,D57,D58,D59,D6,D60,D62,D63,D64,D65,D66,D67,D68,D69,D7,D70,D71,D72,D74,D75,D76,D77,D78,D79,D8,D80,D81,D82,D83,D84,D86,D87,D88,D89,D9,D90,D91,D92,D93,D94,D95,D96,D98,D99",D_SOD-123,C5345962
LED,"D145,D146,D147",LED_0603_1608Metric,C601667
50k,"RV11,RV17,RV23,RV29,RV35,RV4,RV41,RV47,RV53,RV59,RV65,RV71",Potentiometer_Bourns_3314G_Vertical,C719184
NE5532,"U1,U101,U102,U103,U104,U105,U11,U111,U112,U113,U114,U115,U12,U13,U14,U15,U2,U21,U22,U23,U24,U25,U3,U31,U32,U33,U34,U35,U4,U41,U42,U43,U44,U45,U5,U51,U52,U53,U54,U55,U61,U62,U63,U64,U65,U71,U72,U73,U74,U75,U81,U82,U83,U84,U85,U91,U92,U93,U94,U95",SOP-8_3.76x4.96mm_P1.27mm,C7426
20k,"RV15,RV2,RV21,RV27,RV33,RV39,RV45,RV51,RV57,RV63,RV69,RV9",Potentiometer_Bourns_3314G_Vertical,C780217
100k,"RV1,RV12,RV13,RV14,RV18,RV19,RV20,RV24,RV25,RV26,RV3,RV30,RV31,RV32,RV36,RV37,RV38,RV42,RV43,RV44,RV48,RV49,RV50,RV54,RV55,RV56,RV6,RV60,RV61,RV62,RV66,RV67,RV68,RV7,RV72,RV8",Potentiometer_Bourns_3314G_Vertical,C780219
PAM8406D,"U17,U27,U307,U407,U507,U7",SOP-16_3.9x9.9mm_P1.27mm,C86270
100n,CU116,C_0603_1608Metric,
100k,R70,R_0603_1608Metric,
Conn_01x01_Female,J66,TerminalBlock_Keystone_7797,
1u,C88,C_0603_1608Metric,
diff_out_a,TP82,TestPoint_THTPad_D2.0mm_Drill1.0mm,
MountingHole,TP86,MountingHole_4.3mm_M4,
100k,R181,R_0603_1608Metric,
gain_out,TP95,TestPoint_THTPad_D2.0mm_Drill1.0mm,
Conn_01x01_Female,J61,TerminalBlock_Keystone_7797,
100k,R54,R_0603_1608Metric,
2k,R165,R_0603_1608Metric,
1u,C134,C_0603_1608Metric,
100n,CU6,C_0603_1608Metric,
comp_out_b,TP15,TestPoint_THTPad_D2.0mm_Drill1.0mm,
1u,C85,C_0603_1608Metric,
100n,CU35,C_0603_1608Metric,
2k,R36,R_0603_1608Metric,
10k,R145,R_0603_1608Metric,
100n,CU40,C_0603_1608Metric,
100k,R302,R_0603_1608Metric,
1k,R150,R_0603_1608Metric,
Conn_01x01_Female,J14,TerminalBlock_Keystone_7797,
100k,R85,R_0603_1608Metric,
100k,R252,R_0603_1608Metric,
10k,R40,R_0603_1608Metric,
0,R136,R_0603_1608Metric,
430,R134,R_0603_1608Metric,
100n,CU34,C_0603_1608Metric,
100n,CU2,C_0603_1608Metric,
100n,CU33,C_0603_1608Metric,
100k,R5,R_0603_1608Metric,
22n,C45,C_0603_1608Metric,
SW_SPDT,SW18,SW_submini_SPST,
100n,CU14,C_0603_1608Metric,
AudioJack2_SwitchT,J46,Jack_3.5mm_QingPu_WQP-PJ301M-12_Vertical,
SW_DPDT_x2,SW106,SW_standard_DPDT_MTS,
100n,CU120,C_0603_1608Metric,
MountingHole,TP89,MountingHole_4.3mm_M4_DIN965_Pad,
1.5u,C28,C_0603_1608Metric,
100k,R14,R_0603_1608Metric,
LED_Dual_KAK,D109,LED_D3.0mm-3,
comp_out_a,TP13,TestPoint_THTPad_D2.0mm_Drill1.0mm,
100k,R303,R_0603_1608Metric,
10k,R284,R_0603_1608Metric,
10k,R310,R_0603_1608Metric,
100k,R20,R_0603_1608Metric,
Conn_01x03_Male,J59,PinHeader_1x03_P2.54mm_Vertical,
SW_DPDT_x2,SW24,SW_standard_DPDT_MTS,
100n,CU43,C_0603_1608Metric,
100n,CU47,C_0603_1608Metric,
SW_SPDT,SW26,SW_submini_SPST,
comp_out_a,TP20,TestPoint_THTPad_D2.0mm_Drill1.0mm,
470k,R116,R_0603_1608Metric,
comp_out_b,TP85,TestPoint_THTPad_D2.0mm_Drill1.0mm,
1u,C11,C_0603_1608Metric,
100k,R288,R_0603_1608Metric,
0,R292,R_0603_1608Metric,
100k,R101,R_0603_1608Metric,
100k,R294,R_0603_1608Metric,
100k,R48,R_0603_1608Metric,
diff_out_b,TP28,TestPoint_THTPad_D2.0mm_Drill1.0mm,
MountingHole,TP92,MountingHole_4.3mm_M4,
SW_SPDT,SW40,SW_submini_SPST,
0,R213,R_0603_1608Metric,
1u,C131,C_0603_1608Metric,
10k,R322,R_0603_1608Metric,
100k,R73,R_0603_1608Metric,
220p,C113,C_0603_1608Metric,
100n,CU4,C_0603_1608Metric,
ADJ,R100,R_0603_1608Metric,
1u,C19,C_0603_1608Metric,
1.5u,C40,C_0603_1608Metric,
2.2u,C32,C_0603_1608Metric,
100n,CU90,C_0603_1608Metric,
2.2u,C60,C_0603_1608Metric,
1u,C143,C_0603_1608Metric,
470k,R279,R_0603_1608Metric,
510,R107,R_0603_1608Metric,
100k,R4,R_0603_1608Metric,
470k,R220,R_0603_1608Metric,
100k,R173,R_0603_1608Metric,
diff_out,TP37,TestPoint_THTPad_D2.0mm_Drill1.0mm,
Conn_01x01_Female,J68,TerminalBlock_Keystone_7797,
10k,R258,R_0603_1608Metric,
Power_Resistor,DNP9,R_Axial_Power_L50.0mm_W9.0mm_P55.88mm,
100k,RV22,Potentiometer_Bourns_PTV09A-1_Single_Vertical,
510,R289,R_0603_1608Metric,
100k,R125,R_0603_1608Metric,
LED_Dual_KAK,D85,LED_D3.0mm-3,
1u,C123,C_0603_1608Metric,
5A/120Ohm,FB9,C_0805_2012Metric,
510,R133,R_0603_1608Metric,
AudioJack2_SwitchT,J48,Jack_3.5mm_QingPu_WQP-PJ301M-12_Vertical,
100n,CU36,C_0603_1608Metric,
Power_Resistor,DNP6,R_Axial_Power_L50.0mm_W9.0mm_P55.88mm,
SW_DPDT_x2,SW104,SW_standard_DPDT_MTS,
100n,CU72,C_0603_1608Metric,
comp_out_b,TP36,TestPoint_THTPad_D2.0mm_Drill1.0mm,
AudioJack2_SwitchT,J21,Jack_3.5mm_QingPu_WQP-PJ301M-12_Vertical,
100n,CU32,C_0603_1608Metric,
100k,R138,R_0603_1608Metric,
100n,CU118,C_0603_1608Metric,
SW_SPDT,SW23,SW_submini_SPST,
100k,R177,R_0603_1608Metric,
20k,R312,R_0603_1608Metric,
100n,CU89,C_0603_1608Metric,
gain_out,TP94,TestPoint_THTPad_D2.0mm_Drill1.0mm,
100k,R313,R_0603_1608Metric,
2.2u,C24,C_0603_1608Metric,
AudioJack2_SwitchT,J18,Jack_3.5mm_QingPu_WQP-PJ301M-12_Vertical,
SW_SPDT,SW17,SW_submini_SPST,
100k,R210,R_0603_1608Metric,
100n,CU73,C_0603_1608Metric,
1u,C121,C_0603_1608Metric,
1u,C110,C_0603_1608Metric,
Conn_01x03_Male,J69,PinHeader_1x03_P2.54mm_Vertical,
diff_out_a,TP61,TestPoint_THTPad_D2.0mm_Drill1.0mm,
10k,R91,R_0603_1608Metric,
Conn_01x03_Male,J64,PinHeader_1x03_P2.54mm_Vertical,
Conn_01x01_Female,J52,TerminalBlock_Keystone_7797,
2k,R243,R_0603_1608Metric,
1u,C100,C_0603_1608Metric,
SW_DPDT_x2,SW305,SW_standard_DPDT_MTS,
510,R263,R_0603_1608Metric,
100n,CU97,C_0603_1608Metric,
diff_out_a,TP33,TestPoint_THTPad_D2.0mm_Drill1.0mm,
gain_out,TP96,TestPoint_THTPad_D2.0mm_Drill1.0mm,
100k,R198,R_0603_1608Metric,
470k,R246,R_0603_1608Metric,
gain_out,TP52,TestPoint_THTPad_D2.0mm_Drill1.0mm,
0,R26,R_0603_1608Metric,
47p,C65,C_0603_1608Metric,
10k,R317,R_0603_1608Metric,
100k,R257,R_0603_1608Metric,
100n,CU65,C_0603_1608Metric,
Conn_01x01_Female,J60,TerminalBlock_Keystone_7797,
100k,RV52,Potentiometer_Bourns_PTV09A-1_Single_Vertical,
20k,R104,R_0603_1608Metric,
22n,C69,C_0603_1608Metric,
gain_out,TP24,TestPoint_THTPad_D2.0mm_Drill1.0mm,
100n,CU99,C_0603_1608Metric,
100k,R250,R_0603_1608Metric,
1u,C124,C_0603_1608Metric,
1u,C86,C_0603_1608Metric,
220p,C92,C_0603_1608Metric,
SW_SPDT,SW3,SW_submini_SPST,
diff_out,TP65,TestPoint_THTPad_D2.0mm_Drill1.0mm,
diff_out_b,TP56,TestPoint_THTPad_D2.0mm_Drill1.0mm,
100n,CU59,C_0603_1608Metric,
LED_Dual_KAK,D12,LED_D3.0mm-3,
gain_out,TP45,TestPoint_THTPad_D2.0mm_Drill1.0mm,
10k,R318,R_0603_1608Metric,
SW_SPDT,SW13,SW_submini_SPST,
100n,CU122,C_0603_1608Metric,
100k,R75,R_0603_1608Metric,
470k,R39,R_0603_1608Metric,
AudioJack2_SwitchT,J34,Jack_3.5mm_QingPu_WQP-PJ301M-12_Vertical,
20k,R260,R_0603_1608Metric,
diff_out,TP79,TestPoint_THTPad_D2.0mm_Drill1.0mm,
gain_out,TP38,TestPoint_THTPad_D2.0mm_Drill1.0mm,
100n,CU13,C_0603_1608Metric,
100k,R216,R_0603_1608Metric,
100n,CU52,C_0603_1608Metric,
SW_SPDT,SW28,SW_submini_SPST,
22n,C2,C_0603_1608Metric,
diff_out,TP72,TestPoint_THTPad_D2.0mm_Drill1.0mm,
220p,C91,C_0603_1608Metric,
0,R110,R_0603_1608Metric,
10k,R6,R_0603_1608Metric,
10k,R102,R_0603_1608Metric,
AudioJack2_SwitchT,J42,Jack_3.5mm_QingPu_WQP-PJ301M-12_Vertical,
680p,C55,C_0603_1608Metric,
20k,R182,R_0603_1608Metric,
AudioJack2_SwitchT,J43,Jack_3.5mm_QingPu_WQP-PJ301M-12_Vertical,
ADJ,R15,R_0603_1608Metric,
Conn_01x01_Female,J9,TerminalBlock_Keystone_7797,
10k,R197,R_0603_1608Metric,
100n,CU93,C_0603_1608Metric,
10u,C130,C_0805_2012Metric,
10k,R66,R_0603_1608Metric,
1k,R98,R_0603_1608Metric,
diff_out_a,TP26,TestPoint_THTPad_D2.0mm_Drill1.0mm,
100k,R22,R_0603_1608Metric,
10k,R143,R_0603_1608Metric,
AudioJack3,JA1_in1,Jack_3.5mm_QingPu_WQP-PJ366ST_Vertical,
10k,R273,R_0603_1608Metric,
10k,R323,R_0603_1608Metric,
220p,C125,C_0603_1608Metric,
PD_out,TP18,TestPoint_THTPad_D2.0mm_Drill1.0mm,
100n,CU9,C_0603_1608Metric,
100k,R50,R_0603_1608Metric,
diff_out,TP51,TestPoint_THTPad_D2.0mm_Drill1.0mm,
Conn_01x01_Female,J2,TerminalBlock_Keystone_7797,
100n,CU62,C_0603_1608Metric,
470k,R305,R_0603_1608Metric,
100k,R67,R_0603_1608Metric,
430,R24,R_0603_1608Metric,
diff_out_b,TP70,TestPoint_THTPad_D2.0mm_Drill1.0mm,
100k,R9,R_0603_1608Metric,
100k,R131,R_0603_1608Metric,
100n,CU20,C_0603_1608Metric,
PD_out,TP25,TestPoint_THTPad_D2.0mm_Drill1.0mm,
100n,CU49,C_0603_1608Metric,
SW_DPDT_x2,SW84,SW_standard_DPDT_MTS,
Conn_01x01_Female,J65,TerminalBlock_Keystone_7797,
100n,CU92,C_0603_1608Metric,
100k,R225,R_0603_1608Metric,
0,R32,R_0603_1608Metric,
gain_out,TP104,TestPoint_THTPad_D2.0mm_Drill1.0mm,
LED_Dual_KAK,D49,LED_D3.0mm-3,
10k,R299,R_0603_1608Metric,
100n,CU87,C_0603_1608Metric,
SW_SPDT,SW36,SW_submini_SPST,
Power_Resistor,DNP4,R_Axial_Power_L50.0mm_W9.0mm_P55.88mm,
AudioJack2_SwitchT,J40,Jack_3.5mm_QingPu_WQP-PJ301M-12_Vertical,
100n,CU22,C_0603_1608Metric,
100k,R17,R_0603_1608Metric,
1.5u,C70,C_0603_1608Metric,
100n,CU121,C_0603_1608Metric,
100n,CU113,C_0603_1608Metric,
10k,R249,R_0603_1608Metric,
1u,C93,C_0603_1608Metric,
1u,C122,C_0603_1608Metric,
1.5u,C76,C_0603_1608Metric,
Conn_01x03_Male,J49,PinHeader_1x03_P2.54mm_Vertical,
10k,R169,R_0603_1608Metric,
0,R187,R_0603_1608Metric,
100k,R278,R_0603_1608Metric,
0,R162,R_0603_1608Metric,
10k,R180,R_0603_1608Metric,
Conn_01x01_Female,J6,TerminalBlock_Keystone_7797,
Conn_01x12_Female,J5,PinHeader_1x12_P2.54mm_Vertical,
5A/120Ohm,FB8,C_0805_2012Metric,
1u,C12,C_0603_1608Metric,
10k,R28,R_0603_1608Metric,
100k,R287,R_0603_1608Metric,
100n,CU51,C_0603_1608Metric,
AudioJack3,JA2_out1,Jack_3.5mm_QingPu_WQP-PJ366ST_Vertical,
AudioJack2_SwitchT,J200,Jack_3.5mm_QingPu_WQP-PJ301M-12_Vertical,
100k,R293,R_0603_1608Metric,
PD_out,TP53,TestPoint_THTPad_D2.0mm_Drill1.0mm,
1.5u,C82,C_0603_1608Metric,
diff_out_a,TP12,TestPoint_THTPad_D2.0mm_Drill1.0mm,
100k,R315,R_0603_1608Metric,
470k,R296,R_0603_1608Metric,
gain_out,TP31,TestPoint_THTPad_D2.0mm_Drill1.0mm,
10u,C108,C_0805_2012Metric,
100k,R118,R_0603_1608Metric,
Conn_01x03_Male,J1,PinHeader_1x03_P2.54mm_Vertical,
100k,R115,R_0603_1608Metric,
510,R211,R_0603_1608Metric,
1k,R254,R_0603_1608Metric,
100k,R38,R_0603_1608Metric,
gain_out,TP93,TestPoint_THTPad_D2.0mm_Drill1.0mm,
5A/120Ohm,FB19,C_0805_2012Metric,
10k,R206,R_0603_1608Metric,
100k,RV34,Potentiometer_Bourns_PTV09A-1_Single_Vertical,
100k,R52,R_0603_1608Metric,
5A/120Ohm,FB18,C_0805_2012Metric,
comp_out_a,TP76,TestPoint_THTPad_D2.0mm_Drill1.0mm,
100n,CU42,C_0603_1608Metric,
470k,R168,R_0603_1608Metric,
SW_SPDT,SW21,SW_submini_SPST,
AudioJack2_SwitchT,J24,Jack_3.5mm_QingPu_WQP-PJ301M-12_Vertical,
Power_Resistor,DNP2,R_Axial_Power_L50.0mm_W9.0mm_P55.88mm,
10u,C20,C_0805_2012Metric,
100n,CU45,C_0603_1608Metric,
PD_out,TP67,TestPoint_THTPad_D2.0mm_Drill1.0mm,
100k,R10,R_0603_1608Metric,
SW_SPDT,SW32,SW_submini_SPST,
100k,R158,R_0603_1608Metric,
10k,R171,R_0603_1608Metric,
680p,C43,C_0603_1608Metric,
470k,R140,R_0603_1608Metric,
10k,R327,R_0603_1608Metric,
Conn_01x01_Female,J71,TerminalBlock_Keystone_7797,
100k,R163,R_0603_1608Metric,
2.2u,C38,C_0603_1608Metric,
100k,R34,R_0603_1608Metric,
100n,CU55,C_0603_1608Metric,
220p,C15,C_0603_1608Metric,
2k,R191,R_0603_1608Metric,
gain_out,TP80,TestPoint_THTPad_D2.0mm_Drill1.0mm,
100k,R255,R_0603_1608Metric,
10k,R316,R_0603_1608Metric,
Conn_01x01_Female,J56,TerminalBlock_Keystone_7797,
Conn_01x01_Female,J67,TerminalBlock_Keystone_7797,
10k,R195,R_0603_1608Metric,
470k,R201,R_0603_1608Metric,
100n,CU115,C_0603_1608Metric,
100k,R261,R_0603_1608Metric,
SW_DPDT_x2,SW114,SW_standard_DPDT_MTS,
0,R83,R_0603_1608Metric,
100k,R285,R_0603_1608Metric,
470k,R244,R_0603_1608Metric,
10k,R76,R_0603_1608Metric,
10k,R328,R_0603_1608Metric,
10u,C144,C_0805_2012Metric,
430,R264,R_0603_1608Metric,
100k,R155,R_0603_1608Metric,
2.2u,C42,C_0603_1608Metric,
comp_out_b,TP50,TestPoint_THTPad_D2.0mm_Drill1.0mm,
100n,CU48,C_0603_1608Metric,
0,R135,R_0603_1608Metric,
diff_out,TP23,TestPoint_THTPad_D2.0mm_Drill1.0mm,
100n,CU54,C_0603_1608Metric,
SW_DPDT_x2,SW505,SW_standard_DPDT_MTS,
680p,C79,C_0603_1608Metric,
100k,R21,R_0603_1608Metric,
220p,C89,C_0603_1608Metric,
2.2u,C68,C_0603_1608Metric,
100n,CU109,C_0603_1608Metric,
100k,R92,R_0603_1608Metric,
diff_out,TP4,TestPoint_THTPad_D2.0mm_Drill1.0mm,
100k,R189,R_0603_1608Metric,
AudioJack2_SwitchT,J25,Jack_3.5mm_QingPu_WQP-PJ301M-12_Vertical,
Conn_01x01_Female,J10,TerminalBlock_Keystone_7797,
100n,CU10,C_0603_1608Metric,
MountingHole,TP88,MountingHole_4.3mm_M4,
100n,CU64,C_0603_1608Metric,
diff_out,TP30,TestPoint_THTPad_D2.0mm_Drill1.0mm,
10k,R128,R_0603_1608Metric,
100k,R174,R_0603_1608Metric,
100n,CU111,C_0603_1608Metric,
100k,R44,R_0603_1608Metric,
100k,R103,R_0603_1608Metric,
5A/120Ohm,FB17,C_0805_2012Metric,
ADJ,R152,R_0603_1608Metric,
2.2u,C80,C_0603_1608Metric,
220p,C137,C_0603_1608Metric,
SW_DPDT_x2,SW306,SW_standard_DPDT_MTS,
100k,R35,R_0603_1608Metric,
1u,C99,C_0603_1608Metric,
47p,C83,C_0603_1608Metric,
Conn_01x01_Female,J73,TerminalBlock_Keystone_7797,
100k,R245,R_0603_1608Metric,
10k,R93,R_0603_1608Metric,
0,R109,R_0603_1608Metric,
comp_out_b,TP29,TestPoint_THTPad_D2.0mm_Drill1.0mm,
22n,C21,C_0603_1608Metric,
220p,C140,C_0603_1608Metric,
100n,CU18,C_0603_1608Metric,
100k,R55,R_0603_1608Metric,
100n,CU94,C_0603_1608Metric,
100n,CU41,C_0603_1608Metric,
430,R160,R_0603_1608Metric,
100n,CU27,C_0603_1608Metric,
SW_SPDT,SW2,SW_submini_SPST,
Power_Resistor,DNP10,R_Axial_Power_L50.0mm_W9.0mm_P55.88mm,
100k,R190,R_0603_1608Metric,
100n,CU86,C_0603_1608Metric,
100n,CU8,C_0603_1608Metric,
100k,R307,R_0603_1608Metric,
10k,R1,R_0603_1608Metric,
diff_out_b,TP5,TestPoint_THTPad_D2.0mm_Drill1.0mm,
100n,CU69,C_0603_1608Metric,
100n,CU61,C_0603_1608Metric,
100n,CU29,C_0603_1608Metric,
2.2u,C6,C_0603_1608Metric,
470k,R270,R_0603_1608Metric,
220p,C13,C_0603_1608Metric,
100n,CU25,C_0603_1608Metric,
1u,C9,C_0603_1608Metric,
100n,CU57,C_0603_1608Metric,
LED_Dual_KAK,D121,LED_D3.0mm-3,
100n,CU21,C_0603_1608Metric,
100k,R120,R_0603_1608Metric,
510,R159,R_0603_1608Metric,
100k,R111,R_0603_1608Metric,
Conn_01x01_Female,J55,TerminalBlock_Keystone_7797,
1.5u,C58,C_0603_1608Metric,
2k,R295,R_0603_1608Metric,
AudioJack2_SwitchT,J27,Jack_3.5mm_QingPu_WQP-PJ301M-12_Vertical,
5A/120Ohm,FB11,C_0805_2012Metric,
SW_SPDT,SW33,SW_submini_SPST,
2.2u,C50,C_0603_1608Metric,
20k,R12,R_0603_1608Metric,
Conn_01x01_Female,J72,TerminalBlock_Keystone_7797,
680p,C8,C_0603_1608Metric,
100k,R267,R_0603_1608Metric,
100n,CU95,C_0603_1608Metric,
PD_out,TP11,TestPoint_THTPad_D2.0mm_Drill1.0mm,
100k,R179,R_0603_1608Metric,
SW_SPDT,SW41,SW_submini_SPST,
1u,C97,C_0603_1608Metric,
SW_SPDT,SW10,SW_submini_SPST,
100k,R277,R_0603_1608Metric,
comp_out_a,TP27,TestPoint_THTPad_D2.0mm_Drill1.0mm,
5A/120Ohm,FB7,C_0805_2012Metric,
100k,R147,R_0603_1608Metric,
100n,CU53,C_0603_1608Metric,
1u,C133,C_0603_1608Metric,
1u,C17,C_0603_1608Metric,
100n,CU19,C_0603_1608Metric,
gain_out,TP99,TestPoint_THTPad_D2.0mm_Drill1.0mm,
10k,R301,R_0603_1608Metric,
10u,C142,C_0805_2012Metric,
Conn_01x01_Female,J15,TerminalBlock_Keystone_7797,
diff_out,TP44,TestPoint_THTPad_D2.0mm_Drill1.0mm,
100k,R8,R_0603_1608Metric,
220p,C139,C_0603_1608Metric,
100n,CU71,C_0603_1608Metric,
100n,CU68,C_0603_1608Metric,
ADJ,R204,R_0603_1608Metric,
comp_out_a,TP69,TestPoint_THTPad_D2.0mm_Drill1.0mm,
10k,R326,R_0603_1608Metric,
gain_out,TP101,TestPoint_THTPad_D2.0mm_Drill1.0mm,
2k,R87,R_0603_1608Metric,
470k,R16,R_0603_1608Metric,
100k,R7,R_0603_1608Metric,
5A/120Ohm,FB23,C_0805_2012Metric,
100n,CU114,C_0603_1608Metric,
680p,C49,C_0603_1608Metric,
0,R27,R_0603_1608Metric,
diff_out_b,TP84,TestPoint_THTPad_D2.0mm_Drill1.0mm,
470k,R192,R_0603_1608Metric,
5A/120Ohm,FB20,C_0805_2012Metric,
1u,C87,C_0603_1608Metric,
10k,R321,R_0603_1608Metric,
100k,R141,R_0603_1608Metric,
1k,R124,R_0603_1608Metric,
100k,R199,R_0603_1608Metric,
gain_out,TP59,TestPoint_THTPad_D2.0mm_Drill1.0mm,
22n,C51,C_0603_1608Metric,
Power_Resistor,DNP3,R_Axial_Power_L50.0mm_W9.0mm_P55.88mm,
SW_SPDT,SW25,SW_submini_SPST,
100n,CU107,C_0603_1608Metric,
100n,CU30,C_0603_1608Metric,
100n,CU7,C_0603_1608Metric,
1.5u,C52,C_0603_1608Metric,
1u,C105,C_0603_1608Metric,
100k,R271,R_0603_1608Metric,
100n,CU80,C_0603_1608Metric,
430,R238,R_0603_1608Metric,
diff_out,TP58,TestPoint_THTPad_D2.0mm_Drill1.0mm,
100k,R89,R_0603_1608Metric,
Conn_01x01_Female,J62,TerminalBlock_Keystone_7797,
100k,R268,R_0603_1608Metric,
2.2u,C66,C_0603_1608Metric,
20k,R156,R_0603_1608Metric,
100n,CU70,C_0603_1608Metric,
LED_Dual_KAK,D37,LED_D3.0mm-3,
430,R82,R_0603_1608Metric,
430,R290,R_0603_1608Metric,
100n,CU98,C_0603_1608Metric,
2k,R113,R_0603_1608Metric,
100k,R242,R_0603_1608Metric,
47p,C3,C_0603_1608Metric,
100k,R183,R_0603_1608Metric,
Power_Resistor,DNP12,R_Axial_Power_L50.0mm_W9.0mm_P55.88mm,
100k,R79,R_0603_1608Metric,
100k,R300,R_0603_1608Metric,
100n,CU96,C_0603_1608Metric,
gain_out,TP102,TestPoint_THTPad_D2.0mm_Drill1.0mm,
100n,CU119,C_0603_1608Metric,
1.5u,C22,C_0603_1608Metric,
SW_SPDT,SW9,SW_submini_SPST,
100k,R172,R_0603_1608Metric,
100n,CU82,C_0603_1608Metric,
LED_Dual_KAK,D25,LED_D3.0mm-3,
430,R57,R_0603_1608Metric,
1u,C109,C_0603_1608Metric,
1.5u,C34,C_0603_1608Metric,
gain_out,TP66,TestPoint_THTPad_D2.0mm_Drill1.0mm,
10k,R30,R_0603_1608Metric,
10u,C18,C_0805_2012Metric,
470k,R123,R_0603_1608Metric,
SW_DPDT_x2,SW206,SW_standard_DPDT_MTS,
gain_out,TP100,TestPoint_THTPad_D2.0mm_Drill1.0mm,
100k,R229,R_0603_1608Metric,
gain_out,TP98,TestPoint_THTPad_D2.0mm_Drill1.0mm,
10k,R154,R_0603_1608Metric,
10k,R11,R_0603_1608Metric,
100n,CU15,C_0603_1608Metric,
diff_out_a,TP54,TestPoint_THTPad_D2.0mm_Drill1.0mm,
Conn_01x12_Female,J74,PinHeader_1x12_P2.54mm_Vertical,
100n,CU1,C_0603_1608Metric,
10k,R275,R_0603_1608Metric,
100k,R60,R_0603_1608Metric,
100k,R224,R_0603_1608Metric,
Conn_01x01_Female,J70,TerminalBlock_Keystone_7797,
PD_out,TP39,TestPoint_THTPad_D2.0mm_Drill1.0mm,
220p,C103,C_0603_1608Metric,
220p,C126,C_0603_1608Metric,
100k,R281,R_0603_1608Metric,
SW_DPDT_x2,SW14,SW_standard_DPDT_MTS,
10k,R117,R_0603_1608Metric,
100k,R184,R_0603_1608Metric,
ADJ,R282,R_0603_1608Metric,
100n,CU31,C_0603_1608Metric,
0,R214,R_0603_1608Metric,
220p,C16,C_0603_1608Metric,
470k,R63,R_0603_1608Metric,
100k,RV40,Potentiometer_Bourns_PTV09A-1_Single_Vertical,
LED_Dual_KAK,D61,LED_D3.0mm-3,
AudioJack2_SwitchT,J19,Jack_3.5mm_QingPu_WQP-PJ301M-12_Vertical,
1u,C141,C_0603_1608Metric,
100k,R144,R_0603_1608Metric,
10u,C118,C_0805_2012Metric,
AudioJack2_SwitchT,J45,Jack_3.5mm_QingPu_WQP-PJ301M-12_Vertical,
100k,R129,R_0603_1608Metric,
100k,R193,R_0603_1608Metric,
470k,R298,R_0603_1608Metric,
100n,CU100,C_0603_1608Metric,
1k,R47,R_0603_1608Metric,
100n,CU91,C_0603_1608Metric,
comp_out_a,TP48,TestPoint_THTPad_D2.0mm_Drill1.0mm,
430,R212,R_0603_1608Metric,
100n,CU63,C_0603_1608Metric,
10k,R68,R_0603_1608Metric,
LED_Dual_KAK,D97,LED_D3.0mm-3,
MountingHole,TP6,MountingHole_4.3mm_M4_DIN965_Pad,
SW_DPDT_x2,SW34,SW_standard_DPDT_MTS,
comp_out_b,TP71,TestPoint_THTPad_D2.0mm_Drill1.0mm,
100k,R219,R_0603_1608Metric,
SW_SPDT,SW35,SW_submini_SPST,
100n,CU5,C_0603_1608Metric,
SW_SPDT,SW42,SW_submini_SPST,
100k,R297,R_0603_1608Metric,
430,R186,R_0603_1608Metric,
PD_out,TP74,TestPoint_THTPad_D2.0mm_Drill1.0mm,
470k,R166,R_0603_1608Metric,
0,R291,R_0603_1608Metric,
47p,C29,C_0603_1608Metric,
gain_out,TP10,TestPoint_THTPad_D2.0mm_Drill1.0mm,
diff_out_a,TP68,TestPoint_THTPad_D2.0mm_Drill1.0mm,
1k,R280,R_0603_1608Metric,
Power_Resistor,DNP1,R_Axial_Power_L50.0mm_W9.0mm_P55.88mm,
SW_SPDT,SW20,SW_submini_SPST,
100k,R137,R_0603_1608Metric,
470k,R142,R_0603_1608Metric,
22n,C81,C_0603_1608Metric,
5A/120Ohm,FB4,C_0805_2012Metric,
10k,R319,R_0603_1608Metric,
2.2u,C56,C_0603_1608Metric,
100n,CU81,C_0603_1608Metric,
1u,C129,C_0603_1608Metric,
2k,R139,R_0603_1608Metric,
diff_out_a,TP19,TestPoint_THTPad_D2.0mm_Drill1.0mm,
Conn_01x01_Female,J53,TerminalBlock_Keystone_7797,
Conn_01x01_Female,J11,TerminalBlock_Keystone_7797,
SW_SPDT,SW8,SW_submini_SPST,
5A/120Ohm,FB3,C_0805_2012Metric,
100k,R122,R_0603_1608Metric,
220p,C138,C_0603_1608Metric,
100k,R43,R_0603_1608Metric,
100n,CU28,C_0603_1608Metric,
20k,R286,R_0603_1608Metric,
gain_out,TP97,TestPoint_THTPad_D2.0mm_Drill1.0mm,
100n,CU56,C_0603_1608Metric,
2k,R269,R_0603_1608Metric,
470k,R46,R_0603_1608Metric,
20k,R53,R_0603_1608Metric,
AudioJack2_SwitchT,J16,Jack_3.5mm_QingPu_WQP-PJ301M-12_Vertical,
100k,R127,R_0603_1608Metric,
10k,R221,R_0603_1608Metric,
47p,C77,C_0603_1608Metric,
1u,C111,C_0603_1608Metric,
680p,C4,C_0603_1608Metric,
470k,R71,R_0603_1608Metric,
470k,R149,R_0603_1608Metric,
100k,R45,R_0603_1608Metric,
AudioJack2_SwitchT,J201,Jack_3.5mm_QingPu_WQP-PJ301M-12_Vertical,
2k,R217,R_0603_1608Metric,
100n,CU16,C_0603_1608Metric,
diff_out_a,TP75,TestPoint_THTPad_D2.0mm_Drill1.0mm,
100k,R236,R_0603_1608Metric,
diff_out_b,TP63,TestPoint_THTPad_D2.0mm_Drill1.0mm,
100k,R231,R_0603_1608Metric,
diff_out_b,TP49,TestPoint_THTPad_D2.0mm_Drill1.0mm,
Conn_01x01_Female,J57,TerminalBlock_Keystone_7797,
100k,R209,R_0603_1608Metric,
2.2u,C78,C_0603_1608Metric,
100k,R304,R_0603_1608Metric,
diff_out_b,TP21,TestPoint_THTPad_D2.0mm_Drill1.0mm,
100k,R283,R_0603_1608Metric,
100k,R41,R_0603_1608Metric,
10k,R42,R_0603_1608Metric,
100k,R207,R_0603_1608Metric,
2.2u,C48,C_0603_1608Metric,
470k,R37,R_0603_1608Metric,
100k,R112,R_0603_1608Metric,
220p,C90,C_0603_1608Metric,
430,R31,R_0603_1608Metric,
100n,CU24,C_0603_1608Metric,
5A/120Ohm,FB22,C_0805_2012Metric,
0,R33,R_0603_1608Metric,
AudioJack2_SwitchT,J39,Jack_3.5mm_QingPu_WQP-PJ301M-12_Vertical,
diff_out_b,TP35,TestPoint_THTPad_D2.0mm_Drill1.0mm,
1k,R202,R_0603_1608Metric,
SW_DPDT_x2,SW405,SW_standard_DPDT_MTS,
0,R84,R_0603_1608Metric,
100n,CU46,C_0603_1608Metric,
diff_out_a,TP47,TestPoint_THTPad_D2.0mm_Drill1.0mm,
Conn_01x03_Male,J54,PinHeader_1x03_P2.54mm_Vertical,
100k,R151,R_0603_1608Metric,
SW_SPDT,SW37,SW_submini_SPST,
100k,R96,R_0603_1608Metric,
100n,CU112,C_0603_1608Metric,
diff_out_b,TP14,TestPoint_THTPad_D2.0mm_Drill1.0mm,
470k,R218,R_0603_1608Metric,
100k,RV16,Potentiometer_Bourns_PTV09A-1_Single_Vertical,
100k,R13,R_0603_1608Metric,
SW_SPDT,SW19,SW_submini_SPST,
100k,R77,R_0603_1608Metric,
510,R237,R_0603_1608Metric,
2.2u,C5,C_0603_1608Metric,
100k,R157,R_0603_1608Metric,
comp_out_b,TP64,TestPoint_THTPad_D2.0mm_Drill1.0mm,
AudioJack2_SwitchT,J37,Jack_3.5mm_QingPu_WQP-PJ301M-12_Vertical,
100k,R200,R_0603_1608Metric,
20k,R130,R_0603_1608Metric,
220p,C127,C_0603_1608Metric,
100n,CU76,C_0603_1608Metric,
680p,C31,C_0603_1608Metric,
10u,C132,C_0805_2012Metric,
470k,R227,R_0603_1608Metric,
SW_SPDT,SW11,SW_submini_SPST,
2.2u,C84,C_0603_1608Metric,
SW_DPDT_x2,SW64,SW_standard_DPDT_MTS,
10k,R51,R_0603_1608Metric,
100k,R105,R_0603_1608Metric,
220p,C102,C_0603_1608Metric,
100n,CU105,C_0603_1608Metric,
comp_out_b,TP78,TestPoint_THTPad_D2.0mm_Drill1.0mm,
100k,R121,R_0603_1608Metric,
100n,CU101,C_0603_1608Metric,
100n,CU75,C_0603_1608Metric,
100k,R94,R_0603_1608Metric,
10k,R325,R_0603_1608Metric,
100k,R95,R_0603_1608Metric,
47p,C59,C_0603_1608Metric,
100k,R248,R_0603_1608Metric,
10u,C106,C_0805_2012Metric,
1u,C117,C_0603_1608Metric,
680p,C61,C_0603_1608Metric,
1u,C135,C_0603_1608Metric,
1u,C98,C_0603_1608Metric,
5A/120Ohm,FB2,C_0805_2012Metric,
120,R333,R_0603_1608Metric,
Conn_01x01_Female,J58,TerminalBlock_Keystone_7797,
100n,CU103,C_0603_1608Metric,
220p,C104,C_0603_1608Metric,
1u,C10,C_0603_1608Metric,
SW_SPDT,SW39,SW_submini_SPST,
0,R265,R_0603_1608Metric,
Conn_01x01_Female,J7,TerminalBlock_Keystone_7797,
100k,R132,R_0603_1608Metric,
2.2u,C30,C_0603_1608Metric,
5A/120Ohm,FB6,C_0805_2012Metric,
MountingHole,TP90,MountingHole_4.3mm_M4,
1k,R72,R_0603_1608Metric,
MountingHole,TP87,MountingHole_4.3mm_M4_DIN965_Pad,
100n,CU85,C_0603_1608Metric,
100n,CU44,C_0603_1608Metric,
SW_SPDT,SW15,SW_submini_SPST,
470k,R272,R_0603_1608Metric,
1u,C107,C_0603_1608Metric,
100n,CU106,C_0603_1608Metric,
PD_out,TP32,TestPoint_THTPad_D2.0mm_Drill1.0mm,
ADJ,R230,R_0603_1608Metric,
100k,R314,R_0603_1608Metric,
100k,RV58,Potentiometer_Bourns_PTV09A-1_Single_Vertical,
100k,R80,R_0603_1608Metric,
100k,R259,R_0603_1608Metric,
220p,C128,C_0603_1608Metric,
SW_DPDT_x2,SW6,SW_standard_DPDT_MTS,
100k,R274,R_0603_1608Metric,
510,R3,R_0603_1608Metric,
comp_out_b,TP22,TestPoint_THTPad_D2.0mm_Drill1.0mm,
10k,R232,R_0603_1608Metric,
SW_DPDT_x2,SW44,SW_standard_DPDT_MTS,
100k,RV70,Potentiometer_Bourns_PTV09A-1_Single_Vertical,
5A/120Ohm,FB1,C_0805_2012Metric,
5A/120Ohm,FB12,C_0805_2012Metric,
diff_out_a,TP40,TestPoint_THTPad_D2.0mm_Drill1.0mm,
comp_out_a,TP7,TestPoint_THTPad_D2.0mm_Drill1.0mm,
ADJ,R308,R_0603_1608Metric,
470k,R90,R_0603_1608Metric,
LED_Dual_KAK,D73,LED_D3.0mm-3,
220p,C101,C_0603_1608Metric,
47p,C23,C_0603_1608Metric,
PD_out,TP81,TestPoint_THTPad_D2.0mm_Drill1.0mm,
1u,C95,C_0603_1608Metric,
100k,R164,R_0603_1608Metric,
1k,R228,R_0603_1608Metric,
100n,CU58,C_0603_1608Metric,
gain_out,TP73,TestPoint_THTPad_D2.0mm_Drill1.0mm,
SW_DPDT_x2,SW94,SW_standard_DPDT_MTS,
5A/120Ohm,FB10,C_0805_2012Metric,
680p,C25,C_0603_1608Metric,
AudioJack2_SwitchT,J33,Jack_3.5mm_QingPu_WQP-PJ301M-12_Vertical,
100k,R69,R_0603_1608Metric,
220p,C114,C_0603_1608Metric,
100n,CU117,C_0603_1608Metric,
220p,C14,C_0603_1608Metric,
comp_out_a,TP34,TestPoint_THTPad_D2.0mm_Drill1.0mm,
680p,C73,C_0603_1608Metric,
2.2u,C54,C_0603_1608Metric,
100k,R241,R_0603_1608Metric,
comp_out_b,TP8,TestPoint_THTPad_D2.0mm_Drill1.0mm,
1k,R306,R_0603_1608Metric,
SW_DPDT_x2,SW105,SW_standard_DPDT_MTS,
comp_out_a,TP55,TestPoint_THTPad_D2.0mm_Drill1.0mm,
100k,R106,R_0603_1608Metric,
100k,R196,R_0603_1608Metric,
10k,R29,R_0603_1608Metric,
10k,R324,R_0603_1608Metric,
10k,R223,R_0603_1608Metric,
470k,R19,R_0603_1608Metric,
2.2u,C26,C_0603_1608Metric,
Power_Resistor,DNP8,R_Axial_Power_L50.0mm_W9.0mm_P55.88mm,
ADJ,R256,R_0603_1608Metric,
SW_SPDT,SW31,SW_submini_SPST,
SW_SPDT,SW29,SW_submini_SPST,
100k,R153,R_0603_1608Metric,
220p,C115,C_0603_1608Metric,
10k,R247,R_0603_1608Metric,
470k,R114,R_0603_1608Metric,
1u,C136,C_0603_1608Metric,
SW_SPDT,SW22,SW_submini_SPST,
1k,R2,R_0603_1608Metric,
100k,RV64,Potentiometer_Bourns_PTV09A-1_Single_Vertical,
100n,CU108,C_0603_1608Metric,
100k,R148,R_0603_1608Metric,
22n,C33,C_0603_1608Metric,
5A/120Ohm,FB13,C_0805_2012Metric,
20k,R208,R_0603_1608Metric,
Conn_01x01_Female,J4,TerminalBlock_Keystone_7797,
10k,R320,R_0603_1608Metric,
SW_DPDT_x2,SW506,SW_standard_DPDT_MTS,
100n,CU37,C_0603_1608Metric,
10u,C96,C_0805_2012Metric,
AudioJack2_SwitchT,J22,Jack_3.5mm_QingPu_WQP-PJ301M-12_Vertical,
AudioJack2_SwitchT,J31,Jack_3.5mm_QingPu_WQP-PJ301M-12_Vertical,
100k,R276,R_0603_1608Metric,
10u,C120,C_0805_2012Metric,
10k,R119,R_0603_1608Metric,
470k,R97,R_0603_1608Metric,
SW_SPDT,SW12,SW_submini_SPST,
AudioJack2_SwitchT,J28,Jack_3.5mm_QingPu_WQP-PJ301M-12_Vertical,
Conn_01x01_Female,J8,TerminalBlock_Keystone_7797,
2.2u,C1,C_0603_1608Metric,
100n,CU74,C_0603_1608Metric,
100n,CU50,C_0603_1608Metric,
220p,C116,C_0603_1608Metric,
100n,CU23,C_0603_1608Metric,
100n,CU67,C_0603_1608Metric,
100k,R146,R_0603_1608Metric,
100n,CU3,C_0603_1608Metric,
100n,CU79,C_0603_1608Metric,
100n,CU102,C_0603_1608Metric,
100k,R170,R_0603_1608Metric,
comp_out_b,TP43,TestPoint_THTPad_D2.0mm_Drill1.0mm,
100k,R233,R_0603_1608Metric,
diff_out,TP16,TestPoint_THTPad_D2.0mm_Drill1.0mm,
5A/120Ohm,FB15,C_0805_2012Metric,
gain_out,TP3,TestPoint_THTPad_D2.0mm_Drill1.0mm,
Conn_01x01_Female,J50,TerminalBlock_Keystone_7797,
510,R331,R_0603_1608Metric,
22n,C63,C_0603_1608Metric,
0,R239,R_0603_1608Metric,
2.2u,C62,C_0603_1608Metric,
100k,R311,R_0603_1608Metric,
100k,R205,R_0603_1608Metric,
diff_out,TP9,TestPoint_THTPad_D2.0mm_Drill1.0mm,
LED_Dual_KAK,D13,LED_D3.0mm-3,
100k,R222,R_0603_1608Metric,
100k,R99,R_0603_1608Metric,
100k,R309,R_0603_1608Metric,
SW_SPDT,SW27,SW_submini_SPST,
100n,CU88,C_0603_1608Metric,
470k,R253,R_0603_1608Metric,
0,R59,R_0603_1608Metric,
100n,CU60,C_0603_1608Metric,
22n,C27,C_0603_1608Metric,
SW_DPDT_x2,SW74,SW_standard_DPDT_MTS,
2k,R23,R_0603_1608Metric,
10k,R330,R_0603_1608Metric,
1.5u,C7,C_0603_1608Metric,
470k,R18,R_0603_1608Metric,
100k,RV5,Potentiometer_Bourns_PTV09A-1_Single_Vertical,
510,R81,R_0603_1608Metric,
SW_DPDT_x2,SW5,SW_standard_DPDT_MTS,
ADJ,R74,R_0603_1608Metric,
100k,R226,R_0603_1608Metric,
100n,CU38,C_0603_1608Metric,
comp_out_b,TP57,TestPoint_THTPad_D2.0mm_Drill1.0mm,
MountingHole,TP91,MountingHole_4.3mm_M4_DIN965_Pad,
5A/120Ohm,FB24,C_0805_2012Metric,
SW_SPDT,SW7,SW_submini_SPST,
gain_out,TP103,TestPoint_THTPad_D2.0mm_Drill1.0mm,
Conn_01x01_Female,J63,TerminalBlock_Keystone_7797,
510,R185,R_0603_1608Metric,
100k,RV46,Potentiometer_Bourns_PTV09A-1_Single_Vertical,
22n,C57,C_0603_1608Metric,
10u,C94,C_0805_2012Metric,
47p,C47,C_0603_1608Metric,
100n,CU66,C_0603_1608Metric,
100k,R262,R_0603_1608Metric,
100n,CU17,C_0603_1608Metric,
SW_DPDT_x2,SW54,SW_standard_DPDT_MTS,
Conn_01x01_Female,J13,TerminalBlock_Keystone_7797,
ADJ,R126,R_0603_1608Metric,
PD_out,TP1,TestPoint_THTPad_D2.0mm_Drill1.0mm,
1u,C112,C_0603_1608Metric,
Conn_01x01_Female,J51,TerminalBlock_Keystone_7797,
100k,RV28,Potentiometer_Bourns_PTV09A-1_Single_Vertical,
Power_Resistor,DNP7,R_Axial_Power_L50.0mm_W9.0mm_P55.88mm,
5A/120Ohm,FB5,C_0805_2012Metric,
1.5u,C64,C_0603_1608Metric,
47p,C41,C_0603_1608Metric,
22n,C39,C_0603_1608Metric,
680p,C67,C_0603_1608Metric,
100n,CU104,C_0603_1608Metric,
PD_out,TP46,TestPoint_THTPad_D2.0mm_Drill1.0mm,
510,R56,R_0603_1608Metric,
100k,R203,R_0603_1608Metric,
100n,CU78,C_0603_1608Metric,
gain_out,TP17,TestPoint_THTPad_D2.0mm_Drill1.0mm,
comp_out_a,TP83,TestPoint_THTPad_D2.0mm_Drill1.0mm,
0,R58,R_0603_1608Metric,
AudioJack2_SwitchT,J36,Jack_3.5mm_QingPu_WQP-PJ301M-12_Vertical,
0,R240,R_0603_1608Metric,
100n,CU26,C_0603_1608Metric,
100k,R64,R_0603_1608Metric,
47p,C53,C_0603_1608Metric,
47p,C35,C_0603_1608Metric,
100n,CU84,C_0603_1608Metric,
PD_out,TP60,TestPoint_THTPad_D2.0mm_Drill1.0mm,
5A/120Ohm,FB14,C_0805_2012Metric,
5A/120Ohm,FB16,C_0805_2012Metric,
2.2u,C36,C_0603_1608Metric,
100k,R167,R_0603_1608Metric,
47p,C71,C_0603_1608Metric,
1k,R176,R_0603_1608Metric,
SW_SPDT,SW16,SW_submini_SPST,
comp_out_a,TP62,TestPoint_THTPad_D2.0mm_Drill1.0mm,
ADJ,R178,R_0603_1608Metric,
SW_SPDT,SW1,SW_submini_SPST,
2.2u,C74,C_0603_1608Metric,
diff_out_b,TP77,TestPoint_THTPad_D2.0mm_Drill1.0mm,
100k,R86,R_0603_1608Metric,
LED_Dual_KAK,D133,LED_D3.0mm-3,
22n,C75,C_0603_1608Metric,
5A/120Ohm,FB21,C_0805_2012Metric,
Power_Resistor,DNP11,R_Axial_Power_L50.0mm_W9.0mm_P55.88mm,
Conn_01x01_Female,J12,TerminalBlock_Keystone_7797,
SW_DPDT_x2,SW205,SW_standard_DPDT_MTS,
0,R161,R_0603_1608Metric,
SW_DPDT_x2,SW406,SW_standard_DPDT_MTS,
510,R25,R_0603_1608Metric,
AudioJack2_SwitchT,J30,Jack_3.5mm_QingPu_WQP-PJ301M-12_Vertical,
100n,CU39,C_0603_1608Metric,
100k,RV10,Potentiometer_Bourns_PTV09A-1_Single_Vertical,
470k,R194,R_0603_1608Metric,
ADJ,R49,R_0603_1608Metric,
0,R188,R_0603_1608Metric,
diff_out_b,TP42,TestPoint_THTPad_D2.0mm_Drill1.0mm,
20k,R234,R_0603_1608Metric,
Power_Resistor,DNP5,R_Axial_Power_L50.0mm_W9.0mm_P55.88mm,
430,R108,R_0603_1608Metric,
510,R332,R_0603_1608Metric,
SW_DPDT_x2,SW4,SW_standard_DPDT_MTS,
100n,CU83,C_0603_1608Metric,
100k,R235,R_0603_1608Metric,
2.2u,C72,C_0603_1608Metric,
470k,R175,R_0603_1608Metric,
10k,R329,R_0603_1608Metric,
comp_out_a,TP41,TestPoint_THTPad_D2.0mm_Drill1.0mm,
680p,C37,C_0603_1608Metric,
470k,R65,R_0603_1608Metric,
2k,R62,R_0603_1608Metric,
100k,R251,R_0603_1608Metric,
100n,CU110,C_0603_1608Metric,
100k,R61,R_0603_1608Metric,
0,R266,R_0603_1608Metric,
SW_SPDT,SW38,SW_submini_SPST,
100k,R215,R_0603_1608Metric,
20k,R78,R_0603_1608Metric,
1.5u,C46,C_0603_1608Metric,
diff_out_a,TP2,TestPoint_THTPad_D2.0mm_Drill1.0mm,
100n,CU77,C_0603_1608Metric,
1u,C119,C_0603_1608Metric,
2.2u,C44,C_0603_1608Metric,
SW_SPDT,SW30,SW_submini_SPST,
470k,R88,R_0603_1608Metric,
